id,provinsi,kabupaten,kecamatan,kelurahan,tps,timestamp,pemilih-1,pemilih-2,total-pemilih,total-pengguna,suara-total,suara-sah,suara-tidak-sah,c1-1,c1-2
1528653565361900010924,ACEH,ACEH JAYA,SAMPOINIET,ALUE GRO,TPS 1,2019-10-24 05:00:04,22,94,135,119,119,116,3,https://pemilu2019.kpu.go.id/img/c/900/010/900010924/5361-1-C1-PPWP-X1.jpg,https://pemilu2019.kpu.go.id/img/c/900/010/900010924/5361-1-C1-PPWP-X2.jpg
1528653565363900010927,ACEH,ACEH JAYA,SAMPOINIET,BABAH NIPAH,TPS 1,2019-10-24 05:00:04,15,73,125,92,92,88,4,https://pemilu2019.kpu.go.id/img/c/900/010/900010927/5363-1-C1-PPWP-X1.jpg,https://pemilu2019.kpu.go.id/img/c/900/010/900010927/5363-1-C1-PPWP-X2.jpg
1528653565367900010932,ACEH,ACEH JAYA,SAMPOINIET,BLANG MONLUENG,TPS 1,2019-10-24 05:00:04,56,164,258,228,228,220,8,https://pemilu2019.kpu.go.id/img/c/900/010/900010932/5367-1-C1-PPWP-X1.jpg,https://pemilu2019.kpu.go.id/img/c/900/010/900010932/5367-1-C1-PPWP-X2.jpg
1528653565365900010930,ACEH,ACEH JAYA,SAMPOINIET,COT LANGSAT,TPS 1,2019-10-24 05:00:04,9,82,117,94,94,91,3,https://pemilu2019.kpu.go.id/img/c/900/010/900010930/5365-1-C1-PPWP-X1.jpg,https://pemilu2019.kpu.go.id/img/c/900/010/900010930/5365-1-C1-PPWP-X2.jpg
1528653565391900010959,ACEH,ACEH JAYA,SAMPOINIET,COT PUNTI,TPS 1,2019-10-24 05:00:04,19,81,117,102,102,100,2,https://pemilu2019.kpu.go.id/img/c/900/010/900010959/5391-1-C1-PPWP-X1.jpg,https://pemilu2019.kpu.go.id/img/c/900/010/900010959/5391-1-C1-PPWP-X2.jpg
1528653565360900010922,ACEH,ACEH JAYA,SAMPOINIET,CRAK MONG,TPS 1,2019-10-24 05:00:04,14,139,185,158,158,153,5,https://pemilu2019.kpu.go.id/img/c/900/010/900010922/5360-1-C1-PPWP-X1.jpg,https://pemilu2019.kpu.go.id/img/c/900/010/900010922/5360-1-C1-PPWP-X2.jpg
1528653565360900010923,ACEH,ACEH JAYA,SAMPOINIET,CRAK MONG,TPS 2,2019-10-24 05:00:04,13,104,154,122,122,117,5,https://pemilu2019.kpu.go.id/img/c/900/010/900010923/5360-2-C1-PPWP-X1.jpg,https://pemilu2019.kpu.go.id/img/c/900/010/900010923/5360-2-C1-PPWP-X2.jpg
1528653565372900010940,ACEH,ACEH JAYA,SAMPOINIET,IE JEUREUNGEH,TPS 1,2019-10-24 05:00:04,20,200,244,225,225,220,5,https://pemilu2019.kpu.go.id/img/c/900/010/900010940/5372-1-C1-PPWP-X1.jpg,https://pemilu2019.kpu.go.id/img/c/900/010/900010940/5372-1-C1-PPWP-X2.jpg
1528653565364900010928,ACEH,ACEH JAYA,SAMPOINIET,JEUMPHEUK,TPS 1,2019-10-24 05:00:04,13,139,187,157,157,152,5,https://pemilu2019.kpu.go.id/img/c/900/010/900010928/5364-1-C-XXX-X5.jpg,https://pemilu2019.kpu.go.id/img/c/900/010/900010928/5364-1-C-XXX-X6.jpg
1528653565364900010929,ACEH,ACEH JAYA,SAMPOINIET,JEUMPHEUK,TPS 2,2019-10-24 05:00:04,14,123,190,153,153,137,16,https://pemilu2019.kpu.go.id/img/c/900/010/900010929/5364-2-C-XXX-X5.jpg,https://pemilu2019.kpu.go.id/img/c/900/010/900010929/5364-2-C-XXX-X6.jpg
1528653565393900010961,ACEH,ACEH JAYA,SAMPOINIET,KRUENG AYON,TPS 1,2019-10-24 05:00:04,21,131,169,160,160,152,8,https://pemilu2019.kpu.go.id/img/c/900/010/900010961/5393-1-C1-PPWP-X1.jpg,https://pemilu2019.kpu.go.id/img/c/900/010/900010961/5393-1-C1-PPWP-X2.jpg
1528653565368900010933,ACEH,ACEH JAYA,SAMPOINIET,KRUENG NO,TPS 1,2019-10-24 05:00:04,25,195,256,230,230,220,10,https://pemilu2019.kpu.go.id/img/c/900/010/900010933/5368-1-C1-PPWP-X1.jpg,https://pemilu2019.kpu.go.id/img/c/900/010/900010933/5368-1-C1-PPWP-X2.jpg
1528653565376900010944,ACEH,ACEH JAYA,SAMPOINIET,KUALA BAKONG,TPS 1,2019-10-24 05:00:04,10,141,163,152,152,151,1,https://pemilu2019.kpu.go.id/img/c/900/010/900010944/5376-1-C1-PPWP-X1.jpg,https://pemilu2019.kpu.go.id/img/c/900/010/900010944/5376-1-C1-PPWP-X2.jpg
1528653565376900010945,ACEH,ACEH JAYA,SAMPOINIET,KUALA BAKONG,TPS 2,2019-10-24 05:00:04,12,125,159,138,138,137,1,https://pemilu2019.kpu.go.id/img/c/900/010/900010945/5376-2-C1-PPWP-X1.jpg,https://pemilu2019.kpu.go.id/img/c/900/010/900010945/5376-2-C1-PPWP-X2.jpg
1528653565362900010925,ACEH,ACEH JAYA,SAMPOINIET,KUALA LIGAN,TPS 1,2019-10-24 05:00:04,23,169,222,211,211,192,19,https://pemilu2019.kpu.go.id/img/c/900/010/900010925/5362-1-C1-PPWP-X1.jpg,https://pemilu2019.kpu.go.id/img/c/900/010/900010925/5362-1-C1-PPWP-X2.jpg
1528653565362900010926,ACEH,ACEH JAYA,SAMPOINIET,KUALA LIGAN,TPS 2,2019-10-24 05:00:04,20,76,97,97,97,96,1,https://pemilu2019.kpu.go.id/img/c/900/010/900010926/5362-2-C1-PPWP-X1.jpg,https://pemilu2019.kpu.go.id/img/c/900/010/900010926/5362-2-C1-PPWP-X2.jpg
1528653565357900010918,ACEH,ACEH JAYA,SAMPOINIET,LHOK KRUET,TPS 1,2019-10-24 05:00:04,12,137,169,152,152,149,3,https://pemilu2019.kpu.go.id/img/c/900/010/900010918/5357-1-C1-PPWP-X1.jpg,https://pemilu2019.kpu.go.id/img/c/900/010/900010918/5357-1-C1-PPWP-X2.jpg
1528653565357900010919,ACEH,ACEH JAYA,SAMPOINIET,LHOK KRUET,TPS 2,2019-10-24 05:00:04,22,156,208,180,80,178,2,https://pemilu2019.kpu.go.id/img/c/900/010/900010919/5357-2-C1-PPWP-X1.jpg,https://pemilu2019.kpu.go.id/img/c/900/010/900010919/5357-2-C1-PPWP-X2.jpg
1528653565371900010937,ACEH,ACEH JAYA,SAMPOINIET,LIGAN,TPS 1,2019-10-24 05:00:04,26,172,228,208,208,198,10,https://pemilu2019.kpu.go.id/img/c/900/010/900010937/5371-1-C1-PPWP-X1.jpg,https://pemilu2019.kpu.go.id/img/c/900/010/900010937/5371-1-C1-PPWP-X2.jpg
1528653565371900010938,ACEH,ACEH JAYA,SAMPOINIET,LIGAN,TPS 2,2019-10-24 05:00:04,21,170,221,191,191,191,0,https://pemilu2019.kpu.go.id/img/c/900/010/900010938/5371-2-C1-PPWP-X1.jpg,https://pemilu2019.kpu.go.id/img/c/900/010/900010938/5371-2-C1-PPWP-X2.jpg
1528653565371900010939,ACEH,ACEH JAYA,SAMPOINIET,LIGAN,TPS 3,2019-10-24 05:00:04,19,194,243,218,218,213,5,https://pemilu2019.kpu.go.id/img/c/900/010/900010939/5371-3-C1-PPWP-X1.jpg,https://pemilu2019.kpu.go.id/img/c/900/010/900010939/5371-3-C1-PPWP-X2.jpg
1528653565366900010931,ACEH,ACEH JAYA,SAMPOINIET,MATA IE,TPS 1,2019-10-24 05:00:04,14,134,172,153,153,148,5,https://pemilu2019.kpu.go.id/img/c/900/010/900010931/5366-1-C1-PPWP-X1.jpg,https://pemilu2019.kpu.go.id/img/c/900/010/900010931/5366-1-C1-PPWP-X2.jpg
1528653565359900010921,ACEH,ACEH JAYA,SAMPOINIET,MEUNASAH KULAM,TPS 1,2019-10-24 05:00:04,11,104,151,122,122,115,7,https://pemilu2019.kpu.go.id/img/c/900/010/900010921/5359-1-C1-PPWP-X1.jpg,https://pemilu2019.kpu.go.id/img/c/900/010/900010921/5359-1-C1-PPWP-X2.jpg
1528653565358900010920,ACEH,ACEH JAYA,SAMPOINIET,PULO RAYA,TPS 1,2019-10-24 05:00:04,6,146,175,157,157,152,5,https://pemilu2019.kpu.go.id/img/c/900/010/900010920/5358-1-C1-PPWP-X1.jpg,https://pemilu2019.kpu.go.id/img/c/900/010/900010920/5358-1-C1-PPWP-X2.jpg
1528653565370900010936,ACEH,ACEH JAYA,SAMPOINIET,RANTO SABON,TPS 1,2019-10-24 05:00:04,43,152,224,202,202,195,7,https://pemilu2019.kpu.go.id/img/c/900/010/900010936/1-5370-1-C-XXX-X5.jpg,https://pemilu2019.kpu.go.id/img/c/900/010/900010936/1-5370-1-C-XXX-X6.jpg
1528653565369900010934,ACEH,ACEH JAYA,SAMPOINIET,SEUMANTOK,TPS 1,2019-10-24 05:00:04,16,194,242,221,221,210,11,https://pemilu2019.kpu.go.id/img/c/900/010/900010934/5369-1-C1-PPWP-X1.jpg,https://pemilu2019.kpu.go.id/img/c/900/010/900010934/5369-1-C1-PPWP-X2.jpg
1528653565369900010935,ACEH,ACEH JAYA,SAMPOINIET,SEUMANTOK,TPS 2,2019-10-24 05:00:04,11,189,235,204,204,200,4,https://pemilu2019.kpu.go.id/img/c/900/010/900010935/5369-2-C1-PPWP-X1.jpg,https://pemilu2019.kpu.go.id/img/c/900/010/900010935/5369-2-C1-PPWP-X2.jpg
1528653425352900010910,ACEH,ACEH JAYA,SETIA BAKTI,GAMPONG BARO,TPS 1,2019-10-24 05:00:04,12,164,218,181,181,176,5,https://pemilu2019.kpu.go.id/img/c/900/010/900010910/1-5352-1-C1-PPWP-X1.jpg,https://pemilu2019.kpu.go.id/img/c/900/010/900010910/1-5352-1-C1-PPWP-X2.jpg
1528653425352900010911,ACEH,ACEH JAYA,SETIA BAKTI,GAMPONG BARO,TPS 2,2019-10-24 05:00:04,22,169,230,199,199,191,8,https://pemilu2019.kpu.go.id/img/c/900/010/900010911/1-5352-2-C-XXX-X5.jpg,https://pemilu2019.kpu.go.id/img/c/900/010/900010911/1-5352-2-C-XXX-X6.jpg
1528653425352900010912,ACEH,ACEH JAYA,SETIA BAKTI,GAMPONG BARO,TPS 3,2019-10-24 05:00:04,21,159,214,183,183,180,3,https://pemilu2019.kpu.go.id/img/c/900/010/900010912/1-5352-3-C1-PPWP-X1.jpg,https://pemilu2019.kpu.go.id/img/c/900/010/900010912/1-5352-3-C1-PPWP-X2.jpg
1528653425350900010904,ACEH,ACEH JAYA,SETIA BAKTI,GAMPONG BAROH,TPS 1,2019-10-24 05:00:04,19,157,204,184,184,176,8,https://pemilu2019.kpu.go.id/img/c/900/010/900010904/1-5350-1-C1-PPWP-X1.jpg,https://pemilu2019.kpu.go.id/img/c/900/010/900010904/1-5350-1-C1-PPWP-X2.jpg
1528653425349900010903,ACEH,ACEH JAYA,SETIA BAKTI,GLEE SEUBAK,TPS 1,2019-10-24 05:00:04,18,81,120,107,107,8,99,https://pemilu2019.kpu.go.id/img/c/900/010/900010903/1-5349-1-C1-PPWP-X1.jpg,https://pemilu2019.kpu.go.id/img/c/900/010/900010903/1-5349-1-C1-PPWP-X2.jpg
1528653425346900010898,ACEH,ACEH JAYA,SETIA BAKTI,GUNONG MEUNASAH,TPS 1,2019-10-24 05:00:04,45,195,284,250,250,240,10,https://pemilu2019.kpu.go.id/img/c/900/010/900010898/1-5346-1-C1-PPWP-X1.jpg,https://pemilu2019.kpu.go.id/img/c/900/010/900010898/1-5346-1-C1-PPWP-X2.jpg
1528653425354900010916,ACEH,ACEH JAYA,SETIA BAKTI,LHOK BOT,TPS 1,2019-10-24 05:00:04,10,226,263,243,243,236,7,https://pemilu2019.kpu.go.id/img/c/900/010/900010916/1-5354-1-C1-PPWP-X1.jpg,https://pemilu2019.kpu.go.id/img/c/900/010/900010916/1-5354-1-C1-PPWP-X2.jpg
1528653425353900010913,ACEH,ACEH JAYA,SETIA BAKTI,LHOK BUYA,TPS 1,2019-10-24 05:00:04,18,149,204,172,172,167,5,https://pemilu2019.kpu.go.id/img/c/900/010/900010913/1-5353-1-C1-PPWP-X1.jpg,https://pemilu2019.kpu.go.id/img/c/900/010/900010913/1-5353-1-C1-PPWP-X2.jpg
1528653425353900010914,ACEH,ACEH JAYA,SETIA BAKTI,LHOK BUYA,TPS 2,2019-10-24 05:00:04,17,149,207,169,169,166,3,https://pemilu2019.kpu.go.id/img/c/900/010/900010914/1-5353-2-C1-PPWP-X1.jpg,https://pemilu2019.kpu.go.id/img/c/900/010/900010914/1-5353-2-C1-PPWP-X2.jpg
1528653425353900010915,ACEH,ACEH JAYA,SETIA BAKTI,LHOK BUYA,TPS 3,2019-10-24 05:00:04,11,164,205,177,177,175,2,https://pemilu2019.kpu.go.id/img/c/900/010/900010915/1-5353-3-C1-PPWP-X1.jpg,https://pemilu2019.kpu.go.id/img/c/900/010/900010915/1-5353-3-C1-PPWP-X2.jpg
1528653425344900010894,ACEH,ACEH JAYA,SETIA BAKTI,LHOK GEULUMPANG,TPS 1,2019-10-24 05:00:04,24,127,192,158,160,151,9,https://pemilu2019.kpu.go.id/img/c/900/010/900010894/1-5344-1-C1-PPWP-X1.jpg,https://pemilu2019.kpu.go.id/img/c/900/010/900010894/1-5344-1-C1-PPWP-X2.jpg
1528653425344900010895,ACEH,ACEH JAYA,SETIA BAKTI,LHOK GEULUMPANG,TPS 2,2019-10-24 05:00:04,29,139,213,176,176,168,8,https://pemilu2019.kpu.go.id/img/c/900/010/900010895/1-5344-2-C1-PPWP-X1.jpg,https://pemilu2019.kpu.go.id/img/c/900/010/900010895/1-5344-2-C1-PPWP-X2.jpg
1528653425344900010896,ACEH,ACEH JAYA,SETIA BAKTI,LHOK GEULUMPANG,TPS 3,2019-10-24 05:00:04,19,185,253,208,208,204,4,https://pemilu2019.kpu.go.id/img/c/900/010/900010896/1-5344-3-C1-PPWP-X1.jpg,https://pemilu2019.kpu.go.id/img/c/900/010/900010896/1-5344-3-C1-PPWP-X2.jpg
1528653425351900010905,ACEH,ACEH JAYA,SETIA BAKTI,LHOK TIMON,TPS 1,2019-10-24 05:00:04,15,227,287,247,247,242,5,https://pemilu2019.kpu.go.id/img/c/900/010/900010905/1-5351-1-C1-PPWP-X1.jpg,https://pemilu2019.kpu.go.id/img/c/900/010/900010905/1-5351-1-C1-PPWP-X2.jpg
1528653425351900010906,ACEH,ACEH JAYA,SETIA BAKTI,LHOK TIMON,TPS 2,2019-10-24 05:00:04,30,187,266,227,227,217,10,https://pemilu2019.kpu.go.id/img/c/900/010/900010906/1-5351-2-C1-PPWP-X1.jpg,https://pemilu2019.kpu.go.id/img/c/900/010/900010906/1-5351-2-C1-PPWP-X2.jpg
1528653425351900010907,ACEH,ACEH JAYA,SETIA BAKTI,LHOK TIMON,TPS 3,2019-10-24 05:00:04,5,204,250,217,215,209,6,https://pemilu2019.kpu.go.id/img/c/900/010/900010907/1-5351-3-C1-PPWP-X1.jpg,https://pemilu2019.kpu.go.id/img/c/900/010/900010907/1-5351-3-C1-PPWP-X2.jpg
1528653425351900010908,ACEH,ACEH JAYA,SETIA BAKTI,LHOK TIMON,TPS 4,2019-10-24 05:00:04,13,147,199,168,168,160,8,https://pemilu2019.kpu.go.id/img/c/900/010/900010908/1-5351-4-C1-PPWP-X1.jpg,https://pemilu2019.kpu.go.id/img/c/900/010/900010908/1-5351-4-C1-PPWP-X2.jpg
1528653425351900010909,ACEH,ACEH JAYA,SETIA BAKTI,LHOK TIMON,TPS 5,2019-10-24 05:00:04,9,154,229,176,176,163,13,https://pemilu2019.kpu.go.id/img/c/900/010/900010909/1-5351-5-C1-PPWP-X1.jpg,https://pemilu2019.kpu.go.id/img/c/900/010/900010909/1-5351-5-C1-PPWP-X2.jpg
1528653425345900010897,ACEH,ACEH JAYA,SETIA BAKTI,PADANG,TPS 1,2019-10-24 05:00:04,37,188,261,239,239,225,14,https://pemilu2019.kpu.go.id/img/c/900/010/900010897/1-5345-1-C1-PPWP-X1.jpg,https://pemilu2019.kpu.go.id/img/c/900/010/900010897/1-5345-1-C1-PPWP-X2.jpg
1528653425348900010901,ACEH,ACEH JAYA,SETIA BAKTI,PANTE KUYUN,TPS 1,2019-10-24 05:00:04,29,174,268,212,212,203,9,https://pemilu2019.kpu.go.id/img/c/900/010/900010901/1-5348-1-C1-PPWP-X1.jpg,https://pemilu2019.kpu.go.id/img/c/900/010/900010901/1-5348-1-C1-PPWP-X2.jpg
1528653425348900010902,ACEH,ACEH JAYA,SETIA BAKTI,PANTE KUYUN,TPS 2,2019-10-24 05:00:04,33,174,265,219,219,207,12,https://pemilu2019.kpu.go.id/img/c/900/010/900010902/1-5348-2-C1-PPWP-X1.jpg,https://pemilu2019.kpu.go.id/img/c/900/010/900010902/1-5348-2-C1-PPWP-X2.jpg
1528653425355900010917,ACEH,ACEH JAYA,SETIA BAKTI,PAYA LAOT,TPS 1,2019-10-24 05:00:04,17,117,163,140,140,134,6,https://pemilu2019.kpu.go.id/img/c/900/010/900010917/1-5355-1-C-XXX-X5.jpg,https://pemilu2019.kpu.go.id/img/c/900/010/900010917/1-5355-1-C-XXX-X6.jpg
1528653425347900010899,ACEH,ACEH JAYA,SETIA BAKTI,SAPEK,TPS 1,2019-10-24 05:00:04,22,177,247,215,0,199,16,https://pemilu2019.kpu.go.id/img/c/900/010/900010899/1-5347-1-C-XXX-X5.jpg,https://pemilu2019.kpu.go.id/img/c/900/010/900010899/1-5347-1-C-XXX-X6.jpg
1528653425347900010900,ACEH,ACEH JAYA,SETIA BAKTI,SAPEK,TPS 2,2019-10-24 05:00:04,38,139,175,154,152,147,5,https://pemilu2019.kpu.go.id/img/c/900/010/900010900/1-5347-2-C1-PPWP-X1.jpg,https://pemilu2019.kpu.go.id/img/c/900/010/900010900/1-5347-2-C1-PPWP-X2.jpg
1528653425343900010892,ACEH,ACEH JAYA,SETIA BAKTI,SAWANG,TPS 1,2019-10-24 05:00:04,24,218,293,247,247,242,5,https://pemilu2019.kpu.go.id/img/c/900/010/900010892/1-5343-1-C1-PPWP-X1.jpg,https://pemilu2019.kpu.go.id/img/c/900/010/900010892/1-5343-1-C1-PPWP-X2.jpg
1528653425343900010893,ACEH,ACEH JAYA,SETIA BAKTI,SAWANG,TPS 2,2019-10-24 05:00:04,26,164,238,197,197,190,7,https://pemilu2019.kpu.go.id/img/c/900/010/900010893/1-5343-2-C1-PPWP-X1.jpg,https://pemilu2019.kpu.go.id/img/c/900/010/900010893/1-5343-2-C1-PPWP-X2.jpg
1528652875289900010788,ACEH,ACEH JAYA,TEUNOM,ALUE AMBANG,TPS 1,2019-10-24 05:00:04,21,226,276,254,254,247,7,https://pemilu2019.kpu.go.id/img/c/900/010/900010788/1-5289-1-C-XXX-X5.jpg,https://pemilu2019.kpu.go.id/img/c/900/010/900010788/1-5289-1-C-XXX-X6.jpg
1528652875289900010789,ACEH,ACEH JAYA,TEUNOM,ALUE AMBANG,TPS 2,2019-10-24 05:00:04,38,215,293,264,264,253,11,https://pemilu2019.kpu.go.id/img/c/900/010/900010789/1-5289-2-C-XXX-X5.jpg,https://pemilu2019.kpu.go.id/img/c/900/010/900010789/1-5289-2-C-XXX-X6.jpg
1528652875289900010790,ACEH,ACEH JAYA,TEUNOM,ALUE AMBANG,TPS 3,2019-10-24 05:00:04,12,190,233,206,206,202,4,https://pemilu2019.kpu.go.id/img/c/900/010/900010790/2-5289-3-C1-PPWP-X1.jpg,https://pemilu2019.kpu.go.id/img/c/900/010/900010790/2-5289-3-C1-PPWP-X2.jpg
1528652875303900010815,ACEH,ACEH JAYA,TEUNOM,ALUE MEURAKSA,TPS 1,2019-10-24 05:00:04,26,177,236,203,207,203,4,https://pemilu2019.kpu.go.id/img/c/900/010/900010815/2-5303-1-C1-PPWP-X1.jpg,https://pemilu2019.kpu.go.id/img/c/900/010/900010815/2-5303-1-C1-PPWP-X2.jpg
1528652875299900010810,ACEH,ACEH JAYA,TEUNOM,BATEE-ROO,TPS 1,2019-10-24 05:00:04,41,193,286,238,238,234,4,https://pemilu2019.kpu.go.id/img/c/900/010/900010810/2-5299-1-C1-PPWP-X1.jpg,https://pemilu2019.kpu.go.id/img/c/900/010/900010810/2-5299-1-C1-PPWP-X2.jpg
1528652875296900010802,ACEH,ACEH JAYA,TEUNOM,BLANG BARO,TPS 1,2019-10-24 05:00:04,21,133,176,164,164,154,10,https://pemilu2019.kpu.go.id/img/c/900/010/900010802/1-5296-1-C1-PPWP-X1.jpg,https://pemilu2019.kpu.go.id/img/c/900/010/900010802/1-5296-1-C1-PPWP-X2.jpg
1528652875296900010803,ACEH,ACEH JAYA,TEUNOM,BLANG BARO,TPS 2,2019-10-24 05:00:04,6,108,142,124,124,114,10,https://pemilu2019.kpu.go.id/img/c/900/010/900010803/1-5296-2-C-XXX-X5.jpg,https://pemilu2019.kpu.go.id/img/c/900/010/900010803/1-5296-2-C-XXX-X6.jpg
1528652875306900010821,ACEH,ACEH JAYA,TEUNOM,COT TRAP,TPS 1,2019-10-24 05:00:04,46,153,218,203,203,199,4,https://pemilu2019.kpu.go.id/img/c/900/010/900010821/2-5306-1-C1-PPWP-X1.jpg,https://pemilu2019.kpu.go.id/img/c/900/010/900010821/2-5306-1-C1-PPWP-X2.jpg
1528652875306900010822,ACEH,ACEH JAYA,TEUNOM,COT TRAP,TPS 2,2019-10-24 05:00:04,60,129,207,195,195,189,6,https://pemilu2019.kpu.go.id/img/c/900/010/900010822/2-5306-2-C1-PPWP-X1.jpg,https://pemilu2019.kpu.go.id/img/c/900/010/900010822/2-5306-2-C1-PPWP-X2.jpg
1528652875293900010799,ACEH,ACEH JAYA,TEUNOM,GAMPONG BARO,TPS 1,2019-10-24 05:00:04,9,197,226,213,213,206,7,https://pemilu2019.kpu.go.id/img/c/900/010/900010799/1-5293-1-C-XXX-X5.jpg,https://pemilu2019.kpu.go.id/img/c/900/010/900010799/1-5293-1-C-XXX-X6.jpg
1528652875288900010786,ACEH,ACEH JAYA,TEUNOM,KEUDE TEUNOM,TPS 1,2019-10-24 05:00:04,19,140,191,160,160,159,1,https://pemilu2019.kpu.go.id/img/c/900/010/900010786/1-5288-1-C-XXX-X5.jpg,https://pemilu2019.kpu.go.id/img/c/900/010/900010786/1-5288-1-C-XXX-X6.jpg
1528652875288900010787,ACEH,ACEH JAYA,TEUNOM,KEUDE TEUNOM,TPS 2,2019-10-24 05:00:04,22,161,230,186,186,183,3,https://pemilu2019.kpu.go.id/img/c/900/010/900010787/1-5288-2-C-XXX-X5.jpg,https://pemilu2019.kpu.go.id/img/c/900/010/900010787/1-5288-2-C-XXX-X6.jpg
1528652875302900010814,ACEH,ACEH JAYA,TEUNOM,KUBU,TPS 1,2019-10-24 05:00:04,8,84,105,92,92,92,0,https://pemilu2019.kpu.go.id/img/c/900/010/900010814/2-5302-1-C-XXX-X5.jpg,https://pemilu2019.kpu.go.id/img/c/900/010/900010814/2-5302-1-C-XXX-X6.jpg
1528652875307900010823,ACEH,ACEH JAYA,TEUNOM,LUENG GAYO,TPS 1,2019-10-24 05:00:04,11,192,232,208,208,203,5,https://pemilu2019.kpu.go.id/img/c/900/010/900010823/1-5307-1-C1-PPWP-X1.jpg,https://pemilu2019.kpu.go.id/img/c/900/010/900010823/1-5307-1-C1-PPWP-X2.jpg
1528652875307900010824,ACEH,ACEH JAYA,TEUNOM,LUENG GAYO,TPS 2,2019-10-24 05:00:04,12,114,145,128,128,126,2,https://pemilu2019.kpu.go.id/img/c/900/010/900010824/1-5307-2-C1-PPWP-X1.jpg,https://pemilu2019.kpu.go.id/img/c/900/010/900010824/1-5307-2-C1-PPWP-X2.jpg
1528652875290900010791,ACEH,ACEH JAYA,TEUNOM,PADANG KLENG,TPS 1,2019-10-24 05:00:04,21,232,302,259,259,253,6,https://pemilu2019.kpu.go.id/img/c/900/010/900010791/1-5290-1-C-XXX-X5.jpg,https://pemilu2019.kpu.go.id/img/c/900/010/900010791/1-5290-1-C-XXX-X6.jpg
1528652875290900010792,ACEH,ACEH JAYA,TEUNOM,PADANG KLENG,TPS 2,2019-10-24 05:00:04,17,234,290,259,259,251,8,https://pemilu2019.kpu.go.id/img/c/900/010/900010792/1-5290-2-C1-PPWP-X1.jpg,https://pemilu2019.kpu.go.id/img/c/900/010/900010792/1-5290-2-C1-PPWP-X2.jpg
1528652875290900010793,ACEH,ACEH JAYA,TEUNOM,PADANG KLENG,TPS 3,2019-10-24 05:00:04,10,223,296,238,238,233,5,https://pemilu2019.kpu.go.id/img/c/900/010/900010793/1-5290-3-C-XXX-X5.jpg,https://pemilu2019.kpu.go.id/img/c/900/010/900010793/1-5290-3-C-XXX-X6.jpg
1528652875290900010794,ACEH,ACEH JAYA,TEUNOM,PADANG KLENG,TPS 4,2019-10-24 05:00:04,13,233,274,243,243,236,7,https://pemilu2019.kpu.go.id/img/c/900/010/900010794/1-5290-4-C1-PPWP-X1.jpg,https://pemilu2019.kpu.go.id/img/c/900/010/900010794/1-5290-4-C1-PPWP-X2.jpg
1528652875291900010795,ACEH,ACEH JAYA,TEUNOM,PANTON,TPS 1,2019-10-24 05:00:04,17,159,200,178,178,176,2,https://pemilu2019.kpu.go.id/img/c/900/010/900010795/1-5291-1-C1-PPWP-X1.jpg,https://pemilu2019.kpu.go.id/img/c/900/010/900010795/1-5291-1-C1-PPWP-X2.jpg
1528652875291900010796,ACEH,ACEH JAYA,TEUNOM,PANTON,TPS 2,2019-10-24 05:00:04,26,206,257,235,235,232,3,https://pemilu2019.kpu.go.id/img/c/900/010/900010796/1-5291-2-C1-PPWP-X1.jpg,https://pemilu2019.kpu.go.id/img/c/900/010/900010796/1-5291-2-C1-PPWP-X2.jpg
1528652875291900010797,ACEH,ACEH JAYA,TEUNOM,PANTON,TPS 3,2019-10-24 05:00:04,10,142,189,157,157,152,5,https://pemilu2019.kpu.go.id/img/c/900/010/900010797/2-5291-3-C-XXX-X5.jpg,https://pemilu2019.kpu.go.id/img/c/900/010/900010797/2-5291-3-C-XXX-X6.jpg
1528652875308900010825,ACEH,ACEH JAYA,TEUNOM,PASIE GEULIMA,TPS 1,2019-10-24 05:00:04,11,213,255,233,233,224,9,https://pemilu2019.kpu.go.id/img/c/900/010/900010825/1-5308-1-C-XXX-X5.jpg,https://pemilu2019.kpu.go.id/img/c/900/010/900010825/1-5308-1-C-XXX-X6.jpg
1528652875295900010801,ACEH,ACEH JAYA,TEUNOM,PASIE PAWANG,TPS 1,2019-10-24 05:00:04,18,144,172,168,168,162,6,https://pemilu2019.kpu.go.id/img/c/900/010/900010801/1-5295-1-C1-PPWP-X1.jpg,https://pemilu2019.kpu.go.id/img/c/900/010/900010801/1-5295-1-C1-PPWP-X2.jpg
1528652875309900010826,ACEH,ACEH JAYA,TEUNOM,PASIE TIMON,TPS 1,2019-10-24 05:00:04,9,158,187,176,176,167,9,https://pemilu2019.kpu.go.id/img/c/900/010/900010826/1-5309-1-C-XXX-X5.jpg,https://pemilu2019.kpu.go.id/img/c/900/010/900010826/1-5309-1-C-XXX-X6.jpg
1528652875309900010827,ACEH,ACEH JAYA,TEUNOM,PASIE TIMON,TPS 2,2019-10-24 05:00:04,13,160,201,184,184,173,11,https://pemilu2019.kpu.go.id/img/c/900/010/900010827/1-5309-2-C-XXX-X5.jpg,https://pemilu2019.kpu.go.id/img/c/900/010/900010827/1-5309-2-C-XXX-X6.jpg
1528652875292900010798,ACEH,ACEH JAYA,TEUNOM,PASIE TULAK BALA,TPS 1,2019-10-24 05:00:04,7,138,158,147,147,145,2,https://pemilu2019.kpu.go.id/img/c/900/010/900010798/2-5292-1-C1-PPWP-X1.jpg,https://pemilu2019.kpu.go.id/img/c/900/010/900010798/2-5292-1-C1-PPWP-X2.jpg
1528652875304900010816,ACEH,ACEH JAYA,TEUNOM,PAYA BARO,TPS 1,2019-10-24 05:00:04,15,160,210,189,189,175,14,https://pemilu2019.kpu.go.id/img/c/900/010/900010816/1-5304-1-C-XXX-X5.jpg,https://pemilu2019.kpu.go.id/img/c/900/010/900010816/1-5304-1-C-XXX-X6.jpg
1528652875304900010817,ACEH,ACEH JAYA,TEUNOM,PAYA BARO,TPS 2,2019-10-24 05:00:04,18,180,239,201,201,198,3,https://pemilu2019.kpu.go.id/img/c/900/010/900010817/1-5304-2-C1-PPWP-X1.jpg,https://pemilu2019.kpu.go.id/img/c/900/010/900010817/1-5304-2-C1-PPWP-X2.jpg
1528652875304900010818,ACEH,ACEH JAYA,TEUNOM,PAYA BARO,TPS 3,2019-10-24 05:00:04,20,166,221,198,198,186,12,https://pemilu2019.kpu.go.id/img/c/900/010/900010818/2-5304-3-C-XXX-X5.jpg,https://pemilu2019.kpu.go.id/img/c/900/010/900010818/2-5304-3-C-XXX-X6.jpg
1528652875294900010800,ACEH,ACEH JAYA,TEUNOM,RAMBONG PAYONG,TPS 1,2019-10-24 05:00:04,28,176,241,213,213,204,9,https://pemilu2019.kpu.go.id/img/c/900/010/900010800/1-5294-1-C1-PPWP-X1.jpg,https://pemilu2019.kpu.go.id/img/c/900/010/900010800/1-5294-1-C1-PPWP-X2.jpg
1528652875301900010813,ACEH,ACEH JAYA,TEUNOM,SEUMIRA,TPS 1,2019-10-24 05:00:04,19,109,143,134,134,128,6,https://pemilu2019.kpu.go.id/img/c/900/010/900010813/2-5301-1-C-XXX-X5.jpg,https://pemilu2019.kpu.go.id/img/c/900/010/900010813/2-5301-1-C-XXX-X6.jpg
1528652875300900010811,ACEH,ACEH JAYA,TEUNOM,SEUNEUBOK PADANG,TPS 1,2019-10-24 05:00:04,15,202,253,225,225,217,8,https://pemilu2019.kpu.go.id/img/c/900/010/900010811/1-5300-1-C1-PPWP-X1.jpg,https://pemilu2019.kpu.go.id/img/c/900/010/900010811/1-5300-1-C1-PPWP-X2.jpg
1528652875300900010812,ACEH,ACEH JAYA,TEUNOM,SEUNEUBOK PADANG,TPS 2,2019-10-24 05:00:04,7,176,213,187,187,183,4,https://pemilu2019.kpu.go.id/img/c/900/010/900010812/1-5300-2-C1-PPWP-X1.jpg,https://pemilu2019.kpu.go.id/img/c/900/010/900010812/1-5300-2-C1-PPWP-X2.jpg
1528652875297900010804,ACEH,ACEH JAYA,TEUNOM,TANOH ANOU,TPS 1,2019-10-24 05:00:04,20,247,292,268,268,267,1,https://pemilu2019.kpu.go.id/img/c/900/010/900010804/1-5297-1-C1-PPWP-X1.jpg,https://pemilu2019.kpu.go.id/img/c/900/010/900010804/1-5297-1-C1-PPWP-X2.jpg
1528652875297900010805,ACEH,ACEH JAYA,TEUNOM,TANOH ANOU,TPS 2,2019-10-24 05:00:04,18,259,300,280,280,277,3,https://pemilu2019.kpu.go.id/img/c/900/010/900010805/1-5297-2-C1-PPWP-X1.jpg,https://pemilu2019.kpu.go.id/img/c/900/010/900010805/1-5297-2-C1-PPWP-X2.jpg
1528652875298900010806,ACEH,ACEH JAYA,TEUNOM,TANOH MANYANG,TPS 1,2019-10-24 05:00:04,22,199,266,229,229,221,8,https://pemilu2019.kpu.go.id/img/c/900/010/900010806/1-5298-1-C-XXX-X5.jpg,https://pemilu2019.kpu.go.id/img/c/900/010/900010806/1-5298-1-C-XXX-X6.jpg
1528652875298900010807,ACEH,ACEH JAYA,TEUNOM,TANOH MANYANG,TPS 2,2019-10-24 05:00:04,24,219,289,256,256,243,13,https://pemilu2019.kpu.go.id/img/c/900/010/900010807/1-5298-2-C1-PPWP-X1.jpg,https://pemilu2019.kpu.go.id/img/c/900/010/900010807/1-5298-2-C1-PPWP-X2.jpg
1528652875298900010808,ACEH,ACEH JAYA,TEUNOM,TANOH MANYANG,TPS 3,2019-10-24 05:00:04,25,198,271,226,226,223,3,https://pemilu2019.kpu.go.id/img/c/900/010/900010808/2-5298-3-C1-PPWP-X1.jpg,https://pemilu2019.kpu.go.id/img/c/900/010/900010808/2-5298-3-C1-PPWP-X2.jpg
1528652875298900010809,ACEH,ACEH JAYA,TEUNOM,TANOH MANYANG,TPS 4,2019-10-24 05:00:04,17,193,249,215,215,210,5,https://pemilu2019.kpu.go.id/img/c/900/010/900010809/2-5298-4-C1-PPWP-X1.jpg,https://pemilu2019.kpu.go.id/img/c/900/010/900010809/2-5298-4-C1-PPWP-X2.jpg
1528652875305900010819,ACEH,ACEH JAYA,TEUNOM,TEUPIN ARA,TPS 1,2019-10-24 05:00:04,34,168,231,211,211,202,9,https://pemilu2019.kpu.go.id/img/c/900/010/900010819/1-5305-1-C-XXX-X5.jpg,https://pemilu2019.kpu.go.id/img/c/900/010/900010819/1-5305-1-C-XXX-X6.jpg
1528652875305900010820,ACEH,ACEH JAYA,TEUNOM,TEUPIN ARA,TPS 2,2019-10-24 05:00:04,24,177,218,206,206,201,5,https://pemilu2019.kpu.go.id/img/c/900/010/900010820/2-5305-2-C1-PPWP-X1.jpg,https://pemilu2019.kpu.go.id/img/c/900/010/900010820/2-5305-2-C1-PPWP-X2.jpg
123929283900804574,ACEH,ACEH SELATAN,BAKONGAN,DARUL IKHSAN,TPS 1,2019-10-24 05:00:04,25,215,274,241,241,240,1,https://pemilu2019.kpu.go.id/img/c/900/804/900804574/1-929283-1-C-XXX-X5.jpg,https://pemilu2019.kpu.go.id/img/c/900/804/900804574/1-929283-1-C-XXX-X6.jpg
123929283900804575,ACEH,ACEH SELATAN,BAKONGAN,DARUL IKHSAN,TPS 2,2019-10-24 05:00:04,12,206,251,225,225,218,7,https://pemilu2019.kpu.go.id/img/c/900/804/900804575/2-929283-2-C-XXX-X5.jpg,https://pemilu2019.kpu.go.id/img/c/900/804/900804575/2-929283-2-C-XXX-X6.jpg
123929283900804576,ACEH,ACEH SELATAN,BAKONGAN,DARUL IKHSAN,TPS 3,2019-10-24 05:00:04,28,200,260,230,230,228,2,https://pemilu2019.kpu.go.id/img/c/900/804/900804576/1-929283-3-C-XXX-X5.jpg,https://pemilu2019.kpu.go.id/img/c/900/804/900804576/1-929283-3-C-XXX-X6.jpg
12389554900794234,ACEH,ACEH SELATAN,BAKONGAN,GAMPONG BARO,TPS 1,2019-10-24 05:00:04,20,187,225,208,208,207,1,https://pemilu2019.kpu.go.id/img/c/900/794/900794234/1-89554-1-C-XXX-X5.jpg,https://pemilu2019.kpu.go.id/img/c/900/794/900794234/1-89554-1-C-XXX-X6.jpg
1237900000008,ACEH,ACEH SELATAN,BAKONGAN,GAMPONG DRIEN,TPS 1,2019-10-24 05:00:04,25,107,152,136,136,132,4,https://pemilu2019.kpu.go.id/img/c/900/000/900000008/1-7-1-C-XXX-X5.jpg,https://pemilu2019.kpu.go.id/img/c/900/000/900000008/1-7-1-C-XXX-X6.jpg
1237900000009,ACEH,ACEH SELATAN,BAKONGAN,GAMPONG DRIEN,TPS 2,2019-10-24 05:00:04,19,115,149,138,138,134,4,https://pemilu2019.kpu.go.id/img/c/900/000/900000009/1-7-2-C-XXX-X5.jpg,https://pemilu2019.kpu.go.id/img/c/900/000/900000009/1-7-2-C-XXX-X6.jpg
1234900000001,ACEH,ACEH SELATAN,BAKONGAN,KEUDE BAKONGAN,TPS 1,2019-10-24 05:00:04,25,211,292,237,237,236,1,https://pemilu2019.kpu.go.id/img/c/900/000/900000001/1-4-1-C-XXX-X5.jpg,https://pemilu2019.kpu.go.id/img/c/900/000/900000001/1-4-1-C-XXX-X6.jpg
1234900000002,ACEH,ACEH SELATAN,BAKONGAN,KEUDE BAKONGAN,TPS 2,2019-10-24 05:00:04,40,194,294,234,234,234,0,https://pemilu2019.kpu.go.id/img/c/900/000/900000002/1-4-2-C-XXX-X5.jpg,https://pemilu2019.kpu.go.id/img/c/900/000/900000002/1-4-2-C-XXX-X6.jpg
1234900000003,ACEH,ACEH SELATAN,BAKONGAN,KEUDE BAKONGAN,TPS 3,2019-10-24 05:00:04,27,206,293,236,236,233,3,https://pemilu2019.kpu.go.id/img/c/900/000/900000003/1-4-3-C-XXX-X5.jpg,https://pemilu2019.kpu.go.id/img/c/900/000/900000003/1-4-3-C-XXX-X6.jpg
123929284900804577,ACEH,ACEH SELATAN,BAKONGAN,PADANG BEURAHAN,TPS 1,2019-10-24 05:00:04,20,206,259,232,232,226,6,https://pemilu2019.kpu.go.id/img/c/900/804/900804577/1-929284-1-C-XXX-X5.jpg,https://pemilu2019.kpu.go.id/img/c/900/804/900804577/1-929284-1-C-XXX-X6.jpg
123929284900804578,ACEH,ACEH SELATAN,BAKONGAN,PADANG BEURAHAN,TPS 2,2019-10-24 05:00:04,17,189,232,215,215,206,9,https://pemilu2019.kpu.go.id/img/c/900/804/900804578/1-929284-2-C-XXX-X5.jpg,https://pemilu2019.kpu.go.id/img/c/900/804/900804578/1-929284-2-C-XXX-X6.jpg
1235900000004,ACEH,ACEH SELATAN,BAKONGAN,UJONG MANGKI,TPS 1,2019-10-24 05:00:04,47,184,260,238,238,231,7,https://pemilu2019.kpu.go.id/img/c/900/000/900000004/3-5-1-C-XXX-X5.jpg,https://pemilu2019.kpu.go.id/img/c/900/000/900000004/3-5-1-C-XXX-X6.jpg
1235900000005,ACEH,ACEH SELATAN,BAKONGAN,UJONG MANGKI,TPS 2,2019-10-24 05:00:04,42,160,221,217,217,202,15,https://pemilu2019.kpu.go.id/img/c/900/000/900000005/1-5-2-C-XXX-X5.jpg,https://pemilu2019.kpu.go.id/img/c/900/000/900000005/1-5-2-C-XXX-X6.jpg
1236900000006,ACEH,ACEH SELATAN,BAKONGAN,UJONG PADANG,TPS 1,2019-10-24 05:00:04,10,192,227,206,206,202,4,https://pemilu2019.kpu.go.id/img/c/900/000/900000006/1-6-1-C-XXX-X5.jpg,https://pemilu2019.kpu.go.id/img/c/900/000/900000006/1-6-1-C-XXX-X6.jpg
1236900000007,ACEH,ACEH SELATAN,BAKONGAN,UJONG PADANG,TPS 2,2019-10-24 05:00:04,19,170,221,192,192,189,3,https://pemilu2019.kpu.go.id/img/c/900/000/900000007/1-6-2-C-XXX-X5.jpg,https://pemilu2019.kpu.go.id/img/c/900/000/900000007/1-6-2-C-XXX-X6.jpg
12182186900000435,ACEH,ACEH SELATAN,BAKONGAN TIMUR,LADANG RIMBA,TPS 1,2019-10-24 05:00:04,18,127,163,151,151,145,6,https://pemilu2019.kpu.go.id/img/c/900/000/900000435/1-186-1-C1-PPWP-X1.jpg,https://pemilu2019.kpu.go.id/img/c/900/000/900000435/1-186-1-C1-PPWP-X2.jpg
12182186900000436,ACEH,ACEH SELATAN,BAKONGAN TIMUR,LADANG RIMBA,TPS 2,2019-10-24 05:00:04,15,132,159,152,152,147,5,https://pemilu2019.kpu.go.id/img/c/900/000/900000436/1-186-2-C1-PPWP-X1.jpg,https://pemilu2019.kpu.go.id/img/c/900/000/900000436/1-186-2-C1-PPWP-X2.jpg
12182185900000431,ACEH,ACEH SELATAN,BAKONGAN TIMUR,PASIE SEUBADEH,TPS 1,2019-10-24 05:00:04,15,245,297,263,263,260,3,https://pemilu2019.kpu.go.id/img/c/900/000/900000431/1-185-1-C1-PPWP-X1.jpg,https://pemilu2019.kpu.go.id/img/c/900/000/900000431/1-185-1-C1-PPWP-X2.jpg
12182185900000432,ACEH,ACEH SELATAN,BAKONGAN TIMUR,PASIE SEUBADEH,TPS 2,2019-10-24 05:00:04,16,188,254,213,213,204,9,https://pemilu2019.kpu.go.id/img/c/900/000/900000432/1-185-2-C1-PPWP-X1.jpg,https://pemilu2019.kpu.go.id/img/c/900/000/900000432/1-185-2-C1-PPWP-02.jpg
12182185900000433,ACEH,ACEH SELATAN,BAKONGAN TIMUR,PASIE SEUBADEH,TPS 3,2019-10-24 05:00:04,15,195,243,215,215,210,5,https://pemilu2019.kpu.go.id/img/c/900/000/900000433/1-185-3-C1-PPWP-X1.jpg,https://pemilu2019.kpu.go.id/img/c/900/000/900000433/1-185-3-C1-PPWP-X2.jpg
12182185900000434,ACEH,ACEH SELATAN,BAKONGAN TIMUR,PASIE SEUBADEH,TPS 4,2019-10-24 05:00:04,25,183,255,226,226,208,18,https://pemilu2019.kpu.go.id/img/c/900/000/900000434/1-185-4-C1-PPWP-X1.jpg,https://pemilu2019.kpu.go.id/img/c/900/000/900000434/1-185-4-C1-PPWP-X2.jpg
12182187900000437,ACEH,ACEH SELATAN,BAKONGAN TIMUR,SAWAH TINGKEUM,TPS 1,2019-10-24 05:00:04,38,155,252,199,199,193,6,https://pemilu2019.kpu.go.id/img/c/900/000/900000437/1-187-1-C1-PPWP-X1.jpg,https://pemilu2019.kpu.go.id/img/c/900/000/900000437/1-187-1-C1-PPWP-X2.jpg
12182187900000438,ACEH,ACEH SELATAN,BAKONGAN TIMUR,SAWAH TINGKEUM,TPS 2,2019-10-24 05:00:04,24,160,229,189,189,184,5,https://pemilu2019.kpu.go.id/img/c/900/000/900000438/1-187-2-C1-PPWP-X1.jpg,https://pemilu2019.kpu.go.id/img/c/900/000/900000438/1-187-2-C1-PPWP-X2.jpg
12182187900000439,ACEH,ACEH SELATAN,BAKONGAN TIMUR,SAWAH TINGKEUM,TPS 3,2019-10-24 05:00:04,20,167,234,195,195,195,8,https://pemilu2019.kpu.go.id/img/c/900/000/900000439/1-187-3-C1-PPWP-X1.jpg,https://pemilu2019.kpu.go.id/img/c/900/000/900000439/1-187-3-C1-PPWP-X2.jpg
12182189900000442,ACEH,ACEH SELATAN,BAKONGAN TIMUR,SEULEUKAT,TPS 1,2019-10-24 05:00:04,22,172,230,196,196,194,2,https://pemilu2019.kpu.go.id/img/c/900/000/900000442/1-189-1-C1-PPWP-X1.jpg,https://pemilu2019.kpu.go.id/img/c/900/000/900000442/1-189-1-C1-PPWP-X2.jpg
12182189900000443,ACEH,ACEH SELATAN,BAKONGAN TIMUR,SEULEUKAT,TPS 2,2019-10-24 05:00:04,7,161,206,175,175,168,7,https://pemilu2019.kpu.go.id/img/c/900/000/900000443/1-189-2-C1-PPWP-X1.jpg,https://pemilu2019.kpu.go.id/img/c/900/000/900000443/1-189-2-C1-PPWP-X2.jpg
12182189900000444,ACEH,ACEH SELATAN,BAKONGAN TIMUR,SEULEUKAT,TPS 3,2019-10-24 05:00:04,13,174,218,190,190,187,3,https://pemilu2019.kpu.go.id/img/c/900/000/900000444/1-189-3-C1-PPWP-X1.jpg,https://pemilu2019.kpu.go.id/img/c/900/000/900000444/1-189-3-C1-PPWP-X2.jpg
12182188900000440,ACEH,ACEH SELATAN,BAKONGAN TIMUR,SIMPANG,TPS 1,2019-10-24 05:00:04,19,138,183,160,160,157,3,https://pemilu2019.kpu.go.id/img/c/900/000/900000440/2-188-1-C1-PPWP-X1.jpg,https://pemilu2019.kpu.go.id/img/c/900/000/900000440/2-188-1-C1-PPWP-X2.jpg
12182188900000441,ACEH,ACEH SELATAN,BAKONGAN TIMUR,SIMPANG,TPS 2,2019-10-24 05:00:04,26,135,169,163,163,161,2,https://pemilu2019.kpu.go.id/img/c/900/000/900000441/1-188-2-C1-PPWP-X1.jpg,https://pemilu2019.kpu.go.id/img/c/900/000/900000441/1-188-2-C1-PPWP-X2.jpg
12182183900000426,ACEH,ACEH SELATAN,BAKONGAN TIMUR,UJONG PULO CUT,TPS 1,2019-10-24 05:00:04,12,133,181,149,149,145,4,https://pemilu2019.kpu.go.id/img/c/900/000/900000426/1-183-1-C1-PPWP-X1.jpg,https://pemilu2019.kpu.go.id/img/c/900/000/900000426/1-183-1-C1-PPWP-X2.jpg
12182183900000427,ACEH,ACEH SELATAN,BAKONGAN TIMUR,UJONG PULO CUT,TPS 2,2019-10-24 05:00:04,13,142,171,156,156,155,1,https://pemilu2019.kpu.go.id/img/c/900/000/900000427/1-183-2-C1-PPWP-X1.jpg,https://pemilu2019.kpu.go.id/img/c/900/000/900000427/1-183-2-C1-PPWP-X2.jpg
12182184900000428,ACEH,ACEH SELATAN,BAKONGAN TIMUR,UJONG PULO RAYEUK,TPS 1,2019-10-24 05:00:04,17,212,258,237,237,229,8,https://pemilu2019.kpu.go.id/img/c/900/000/900000428/2-184-1-C1-PPWP-X1.jpg,https://pemilu2019.kpu.go.id/img/c/900/000/900000428/2-184-1-C1-PPWP-X2.jpg
12182184900000429,ACEH,ACEH SELATAN,BAKONGAN TIMUR,UJONG PULO RAYEUK,TPS 2,2019-10-24 05:00:04,23,166,231,201,201,189,12,https://pemilu2019.kpu.go.id/img/c/900/000/900000429/1-184-2-C1-PPWP-X1.jpg,https://pemilu2019.kpu.go.id/img/c/900/000/900000429/1-184-2-C1-PPWP-X2.jpg
12182184900000430,ACEH,ACEH SELATAN,BAKONGAN TIMUR,UJONG PULO RAYEUK,TPS 3,2019-10-24 05:00:04,24,195,244,227,227,219,8,https://pemilu2019.kpu.go.id/img/c/900/000/900000430/1-184-3-C1-PPWP-X1.jpg,https://pemilu2019.kpu.go.id/img/c/900/000/900000430/1-184-3-C1-PPWP-X2.jpg
122932900000073,ACEH,ACEH SELATAN,KLUET SELATAN,BARAT DAYA,TPS 1,2019-10-24 05:00:04,17,168,209,188,188,185,3,https://pemilu2019.kpu.go.id/img/c/900/000/900000073/1-32-1-C-XXX-X5.jpg,https://pemilu2019.kpu.go.id/img/c/900/000/900000073/1-32-1-C-XXX-X6.jpg
122932900000074,ACEH,ACEH SELATAN,KLUET SELATAN,BARAT DAYA,TPS 2,2019-10-24 05:00:04,15,154,207,171,171,169,2,https://pemilu2019.kpu.go.id/img/c/900/000/900000074/1-32-2-C-XXX-X5.jpg,https://pemilu2019.kpu.go.id/img/c/900/000/900000074/1-32-2-C-XXX-X6.jpg
122938900000089,ACEH,ACEH SELATAN,KLUET SELATAN,GAMPONG LUAR,TPS 1,2019-10-24 05:00:04,19,143,188,168,168,162,6,https://pemilu2019.kpu.go.id/img/c/900/000/900000089/1-38-1-C-XXX-X5.jpg,https://pemilu2019.kpu.go.id/img/c/900/000/900000089/1-38-1-C-XXX-X6.jpg
122943900000095,ACEH,ACEH SELATAN,KLUET SELATAN,GEULUMBUK,TPS 1,2019-10-24 05:00:04,18,214,288,230,238,232,6,https://pemilu2019.kpu.go.id/img/c/900/000/900000095/1-43-1-C-XXX-X5.jpg,https://pemilu2019.kpu.go.id/img/c/900/000/900000095/1-43-1-C-XXX-X6.jpg
122943900000096,ACEH,ACEH SELATAN,KLUET SELATAN,GEULUMBUK,TPS 2,2019-10-24 05:00:04,23,219,291,246,246,246,4,https://pemilu2019.kpu.go.id/img/c/900/000/900000096/1-43-2-C1-PPWP-X1.jpg,https://pemilu2019.kpu.go.id/img/c/900/000/900000096/1-43-2-C1-PPWP-X2.jpg
122943900000097,ACEH,ACEH SELATAN,KLUET SELATAN,GEULUMBUK,TPS 3,2019-10-24 05:00:04,25,182,263,221,221,207,14,https://pemilu2019.kpu.go.id/img/c/900/000/900000097/1-43-3-C-XXX-X5.jpg,https://pemilu2019.kpu.go.id/img/c/900/000/900000097/1-43-3-C-XXX-X6.jpg
122943900000098,ACEH,ACEH SELATAN,KLUET SELATAN,GEULUMBUK,TPS 4,2019-10-24 05:00:04,16,196,252,217,217,212,5,https://pemilu2019.kpu.go.id/img/c/900/000/900000098/1-43-4-C-XXX-X5.jpg,https://pemilu2019.kpu.go.id/img/c/900/000/900000098/1-43-4-C-XXX-X6.jpg
122946900000105,ACEH,ACEH SELATAN,KLUET SELATAN,INDRA DAMAI,TPS 1,2019-10-24 05:00:04,15,237,293,260,260,252,8,https://pemilu2019.kpu.go.id/img/c/900/000/900000105/1-46-1-C-XXX-X5.jpg,https://pemilu2019.kpu.go.id/img/c/900/000/900000105/1-46-1-C-XXX-X6.jpg
122946900000106,ACEH,ACEH SELATAN,KLUET SELATAN,INDRA DAMAI,TPS 2,2019-10-24 05:00:04,20,186,261,214,214,206,8,https://pemilu2019.kpu.go.id/img/c/900/000/900000106/1-46-2-C-XXX-X5.jpg,https://pemilu2019.kpu.go.id/img/c/900/000/900000106/1-46-2-C-XXX-X6.jpg
122946900000107,ACEH,ACEH SELATAN,KLUET SELATAN,INDRA DAMAI,TPS 3,2019-10-24 05:00:04,21,238,301,266,266,259,7,https://pemilu2019.kpu.go.id/img/c/900/000/900000107/1-46-3-C-XXX-X5.jpg,https://pemilu2019.kpu.go.id/img/c/900/000/900000107/1-46-3-C-XXX-X6.jpg
122946900000108,ACEH,ACEH SELATAN,KLUET SELATAN,INDRA DAMAI,TPS 4,2019-10-24 05:00:04,28,179,274,198,218,208,11,https://pemilu2019.kpu.go.id/img/c/900/000/900000108/1-46-4-C-XXX-X5.jpg,https://pemilu2019.kpu.go.id/img/c/900/000/900000108/1-46-4-C-XXX-X6.jpg
122946900000109,ACEH,ACEH SELATAN,KLUET SELATAN,INDRA DAMAI,TPS 5,2019-10-24 05:00:04,32,194,278,233,0,0,0,https://pemilu2019.kpu.go.id/img/c/900/000/900000109/1-46-5-C-XXX-X5.jpg,https://pemilu2019.kpu.go.id/img/c/900/000/900000109/1-46-5-C-XXX-X6.jpg
122940900000091,ACEH,ACEH SELATAN,KLUET SELATAN,JUA,TPS 1,2019-10-24 05:00:04,6,61,80,68,68,67,1,https://pemilu2019.kpu.go.id/img/c/900/000/900000091/40-1-C-XXX-X5.jpg,https://pemilu2019.kpu.go.id/img/c/900/000/900000091/40-1-C-XXX-X6.jpg
122934900000077,ACEH,ACEH SELATAN,KLUET SELATAN,KAPEH,TPS 1,2019-10-24 05:00:04,15,138,180,157,157,153,4,https://pemilu2019.kpu.go.id/img/c/900/000/900000077/1-34-1-C-XXX-X5.jpg,https://pemilu2019.kpu.go.id/img/c/900/000/900000077/1-34-1-C-XXX-X6.jpg
122934900000078,ACEH,ACEH SELATAN,KLUET SELATAN,KAPEH,TPS 2,2019-10-24 05:00:04,17,118,157,141,141,135,6,https://pemilu2019.kpu.go.id/img/c/900/000/900000078/1-34-2-C-XXX-X5.jpg,https://pemilu2019.kpu.go.id/img/c/900/000/900000078/1-34-2-C-XXX-X6.jpg
122937900000087,ACEH,ACEH SELATAN,KLUET SELATAN,KEDAI KANDANG,TPS 1,2019-10-24 05:00:04,9,156,199,172,172,165,7,https://pemilu2019.kpu.go.id/img/c/900/000/900000087/2-37-1-C-XXX-X5.jpg,https://pemilu2019.kpu.go.id/img/c/900/000/900000087/2-37-1-C-XXX-X6.jpg
122937900000088,ACEH,ACEH SELATAN,KLUET SELATAN,KEDAI KANDANG,TPS 2,2019-10-24 05:00:04,8,156,196,6,167,164,3,https://pemilu2019.kpu.go.id/img/c/900/000/900000088/2-37-2-C-XXX-X5.jpg,https://pemilu2019.kpu.go.id/img/c/900/000/900000088/2-37-2-C-XXX-X6.jpg
122936900000081,ACEH,ACEH SELATAN,KLUET SELATAN,KEDAI RUNDING,TPS 1,2019-10-24 05:00:04,19,210,308,242,242,229,13,https://pemilu2019.kpu.go.id/img/c/900/000/900000081/1-36-1-C-XXX-X5.jpg,https://pemilu2019.kpu.go.id/img/c/900/000/900000081/1-36-1-C-XXX-X6.jpg
122936900000082,ACEH,ACEH SELATAN,KLUET SELATAN,KEDAI RUNDING,TPS 2,2019-10-24 05:00:04,31,190,304,234,234,221,13,https://pemilu2019.kpu.go.id/img/c/900/000/900000082/2-36-2-C-XXX-X5.jpg,https://pemilu2019.kpu.go.id/img/c/900/000/900000082/2-36-2-C-XXX-X6.jpg
122936900000083,ACEH,ACEH SELATAN,KLUET SELATAN,KEDAI RUNDING,TPS 3,2019-10-24 05:00:04,24,202,303,233,233,226,7,https://pemilu2019.kpu.go.id/img/c/900/000/900000083/1-36-3-C-XXX-X5.jpg,https://pemilu2019.kpu.go.id/img/c/900/000/900000083/1-36-3-C-XXX-X6.jpg
122936900000084,ACEH,ACEH SELATAN,KLUET SELATAN,KEDAI RUNDING,TPS 4,2019-10-24 05:00:04,22,210,314,245,245,232,13,https://pemilu2019.kpu.go.id/img/c/900/000/900000084/1-36-4-C-XXX-X5.jpg,https://pemilu2019.kpu.go.id/img/c/900/000/900000084/1-36-4-C-XXX-X6.jpg
122936900000085,ACEH,ACEH SELATAN,KLUET SELATAN,KEDAI RUNDING,TPS 5,2019-10-24 05:00:04,18,224,313,254,254,242,12,https://pemilu2019.kpu.go.id/img/c/900/000/900000085/1-36-5-C-XXX-X5.jpg,https://pemilu2019.kpu.go.id/img/c/900/000/900000085/1-36-5-C-XXX-X6.jpg
122936900000086,ACEH,ACEH SELATAN,KLUET SELATAN,KEDAI RUNDING,TPS 6,2019-10-24 05:00:04,27,235,301,263,263,262,1,https://pemilu2019.kpu.go.id/img/c/900/000/900000086/1-36-6-C-XXX-X5.jpg,https://pemilu2019.kpu.go.id/img/c/900/000/900000086/1-36-6-C-XXX-X6.jpg
122944900000099,ACEH,ACEH SELATAN,KLUET SELATAN,PASIE LEMBANG,TPS 1,2019-10-24 05:00:04,19,176,228,199,199,4,195,https://pemilu2019.kpu.go.id/img/c/900/000/900000099/1-44-1-C-XXX-X5.jpg,https://pemilu2019.kpu.go.id/img/c/900/000/900000099/1-44-1-C-XXX-X6.jpg
122944900000100,ACEH,ACEH SELATAN,KLUET SELATAN,PASIE LEMBANG,TPS 2,2019-10-24 05:00:04,22,156,240,182,182,178,4,https://pemilu2019.kpu.go.id/img/c/900/000/900000100/1-44-2-C-XXX-X5.jpg,https://pemilu2019.kpu.go.id/img/c/900/000/900000100/1-44-2-C-XXX-X6.jpg
122944900000101,ACEH,ACEH SELATAN,KLUET SELATAN,PASIE LEMBANG,TPS 3,2019-10-24 05:00:04,14,169,225,190,190,183,7,https://pemilu2019.kpu.go.id/img/c/900/000/900000101/1-44-3-C-XXX-X5.jpg,https://pemilu2019.kpu.go.id/img/c/900/000/900000101/1-44-3-C-XXX-X6.jpg
122944900000102,ACEH,ACEH SELATAN,KLUET SELATAN,PASIE LEMBANG,TPS 4,2019-10-24 05:00:04,24,166,223,197,197,190,7,https://pemilu2019.kpu.go.id/img/c/900/000/900000102/1-44-4-C-XXX-X5.jpg,https://pemilu2019.kpu.go.id/img/c/900/000/900000102/1-44-4-C-XXX-X6.jpg
122941900000092,ACEH,ACEH SELATAN,KLUET SELATAN,PASI MEURAPAT,TPS 1,2019-10-24 05:00:04,9,126,163,140,140,135,5,https://pemilu2019.kpu.go.id/img/c/900/000/900000092/1-41-1-C-XXX-X5.jpg,https://pemilu2019.kpu.go.id/img/c/900/000/900000092/1-41-1-C-XXX-X6.jpg
122941900000093,ACEH,ACEH SELATAN,KLUET SELATAN,PASI MEURAPAT,TPS 2,2019-10-24 05:00:04,11,123,156,137,137,134,3,https://pemilu2019.kpu.go.id/img/c/900/000/900000093/1-41-2-C-XXX-X5.jpg,https://pemilu2019.kpu.go.id/img/c/900/000/900000093/1-41-2-C-XXX-X6.jpg
122935900000079,ACEH,ACEH SELATAN,KLUET SELATAN,PULO IE,TPS 1,2019-10-24 05:00:04,23,165,218,192,192,188,4,https://pemilu2019.kpu.go.id/img/c/900/000/900000079/35-1-C-XXX-X5.jpg,https://pemilu2019.kpu.go.id/img/c/900/000/900000079/35-1-C-XXX-X6.jpg
122935900000080,ACEH,ACEH SELATAN,KLUET SELATAN,PULO IE,TPS 2,2019-10-24 05:00:04,16,156,194,178,178,172,6,https://pemilu2019.kpu.go.id/img/c/900/000/900000080/35-2-C-XXX-X5.jpg,https://pemilu2019.kpu.go.id/img/c/900/000/900000080/35-2-C-XXX-X6.jpg
122931900000071,ACEH,ACEH SELATAN,KLUET SELATAN,RANTAU BENUANG,TPS 1,2019-10-24 05:00:04,31,194,295,242,242,225,17,https://pemilu2019.kpu.go.id/img/c/900/000/900000071/1-31-1-C-XXX-X5.jpg,https://pemilu2019.kpu.go.id/img/c/900/000/900000071/1-31-1-C-XXX-X6.jpg
122931900000072,ACEH,ACEH SELATAN,KLUET SELATAN,RANTAU BENUANG,TPS 2,2019-10-24 05:00:04,20,200,290,236,236,220,16,https://pemilu2019.kpu.go.id/img/c/900/000/900000072/1-31-2-C-XXX-X5.jpg,https://pemilu2019.kpu.go.id/img/c/900/000/900000072/1-31-2-C-XXX-X6.jpg
122933900000075,ACEH,ACEH SELATAN,KLUET SELATAN,SIALANG,TPS 1,2019-10-24 05:00:04,31,193,262,231,231,224,7,https://pemilu2019.kpu.go.id/img/c/900/000/900000075/1-33-1-C-XXX-X5.jpg,https://pemilu2019.kpu.go.id/img/c/900/000/900000075/1-33-1-C-XXX-X6.jpg
122933900000076,ACEH,ACEH SELATAN,KLUET SELATAN,SIALANG,TPS 2,2019-10-24 05:00:04,26,174,251,209,209,200,9,https://pemilu2019.kpu.go.id/img/c/900/000/900000076/1-33-2-C1-PPWP-X1.jpg,https://pemilu2019.kpu.go.id/img/c/900/000/900000076/1-33-2-C1-PPWP-X2.jpg
122930900000067,ACEH,ACEH SELATAN,KLUET SELATAN,SUAQ BAKONG,TPS 1,2019-10-24 05:00:04,26,194,264,222,222,220,2,https://pemilu2019.kpu.go.id/img/c/900/000/900000067/2-30-1-C-XXX-X5.jpg,https://pemilu2019.kpu.go.id/img/c/900/000/900000067/2-30-1-C-XXX-X6.jpg
122930900000068,ACEH,ACEH SELATAN,KLUET SELATAN,SUAQ BAKONG,TPS 2,2019-10-24 05:00:04,18,210,282,231,231,228,3,https://pemilu2019.kpu.go.id/img/c/900/000/900000068/1-30-2-C-XXX-X5.jpg,https://pemilu2019.kpu.go.id/img/c/900/000/900000068/1-30-2-C-XXX-X6.jpg
122930900000069,ACEH,ACEH SELATAN,KLUET SELATAN,SUAQ BAKONG,TPS 3,2019-10-24 05:00:04,25,187,249,216,216,212,4,https://pemilu2019.kpu.go.id/img/c/900/000/900000069/1-30-3-C-XXX-X5.jpg,https://pemilu2019.kpu.go.id/img/c/900/000/900000069/1-30-3-C-XXX-X6.jpg
122930900000070,ACEH,ACEH SELATAN,KLUET SELATAN,SUAQ BAKONG,TPS 4,2019-10-24 05:00:04,28,186,246,215,215,215,1,https://pemilu2019.kpu.go.id/img/c/900/000/900000070/30-4-C-XXX-X5.jpg,https://pemilu2019.kpu.go.id/img/c/900/000/900000070/30-4-C-XXX-X6.jpg
122939900000090,ACEH,ACEH SELATAN,KLUET SELATAN,UJUNG,TPS 1,2019-10-24 05:00:04,32,104,155,142,142,136,6,https://pemilu2019.kpu.go.id/img/c/900/000/900000090/2-39-1-C-XXX-X5.jpg,https://pemilu2019.kpu.go.id/img/c/900/000/900000090/2-39-1-C-XXX-X6.jpg
122945900000103,ACEH,ACEH SELATAN,KLUET SELATAN,UJUNG PADANG,TPS 1,2019-10-24 05:00:04,7,138,186,146,146,145,1,https://pemilu2019.kpu.go.id/img/c/900/000/900000103/1-45-1-C-XXX-X5.jpg,https://pemilu2019.kpu.go.id/img/c/900/000/900000103/1-45-1-C-XXX-X6.jpg
122945900000104,ACEH,ACEH SELATAN,KLUET SELATAN,UJUNG PADANG,TPS 2,2019-10-24 05:00:04,8,121,160,133,133,129,4,https://pemilu2019.kpu.go.id/img/c/900/000/900000104/1-45-2-C-XXX-X5.jpg,https://pemilu2019.kpu.go.id/img/c/900/000/900000104/1-45-2-C-XXX-X6.jpg
122942900000094,ACEH,ACEH SELATAN,KLUET SELATAN,UJUNG PASIR,TPS 1,2019-10-24 05:00:04,75,83,182,168,168,158,10,https://pemilu2019.kpu.go.id/img/c/900/000/900000094/1-42-1-C1-PPWP-X1.jpg,https://pemilu2019.kpu.go.id/img/c/900/000/900000094/1-42-1-C1-PPWP-X2.jpg
12190202900000462,ACEH,ACEH SELATAN,KLUET TENGAH,ALUR KEUJRUN,TPS 1,2019-10-24 05:00:04,43,95,163,139,139,138,1,https://pemilu2019.kpu.go.id/img/c/900/000/900000462/1-202-1-C-XXX-X5.jpg,https://pemilu2019.kpu.go.id/img/c/900/000/900000462/1-202-1-C-XXX-X6.jpg
12190192900000449,ACEH,ACEH SELATAN,KLUET TENGAH,JAMBO PAPAN,TPS 1,2019-10-24 05:00:04,38,191,265,236,237,229,8,https://pemilu2019.kpu.go.id/img/c/900/000/900000449/1-192-1-C-XXX-X5.jpg,https://pemilu2019.kpu.go.id/img/c/900/000/900000449/1-192-1-C-XXX-X6.jpg
12190192900000450,ACEH,ACEH SELATAN,KLUET TENGAH,JAMBO PAPAN,TPS 2,2019-10-24 05:00:04,47,174,261,221,221,221,0,https://pemilu2019.kpu.go.id/img/c/900/000/900000450/3-192-2-C-XXX-X5.jpg,https://pemilu2019.kpu.go.id/img/c/900/000/900000450/3-192-2-C-XXX-X6.jpg
12190197900000458,ACEH,ACEH SELATAN,KLUET TENGAH,KAMPUNG PADANG,TPS 1,2019-10-24 05:00:04,36,235,306,275,275,271,4,https://pemilu2019.kpu.go.id/img/c/900/000/900000458/1-197-1-C-XXX-X5.jpg,https://pemilu2019.kpu.go.id/img/c/900/000/900000458/1-197-1-C-XXX-X6.jpg
12190196900000456,ACEH,ACEH SELATAN,KLUET TENGAH,KAMPUNG SAWAH,TPS 1,2019-10-24 05:00:04,21,129,169,160,160,150,10,https://pemilu2019.kpu.go.id/img/c/900/000/900000456/1-196-1-C-XXX-X5.jpg,https://pemilu2019.kpu.go.id/img/c/900/000/900000456/1-196-1-C-XXX-X6.jpg
12190196900000457,ACEH,ACEH SELATAN,KLUET TENGAH,KAMPUNG SAWAH,TPS 2,2019-10-24 05:00:04,22,116,160,141,141,138,3,https://pemilu2019.kpu.go.id/img/c/900/000/900000457/1-196-2-C-XXX-X5.jpg,https://pemilu2019.kpu.go.id/img/c/900/000/900000457/1-196-2-C-XXX-X6.jpg
12190191900000445,ACEH,ACEH SELATAN,KLUET TENGAH,KOTO,TPS 1,2019-10-24 05:00:04,9,190,239,239,203,199,4,https://pemilu2019.kpu.go.id/img/c/900/000/900000445/1-191-1-C-XXX-X5.jpg,https://pemilu2019.kpu.go.id/img/c/900/000/900000445/1-191-1-C-XXX-X6.jpg
12190191900000446,ACEH,ACEH SELATAN,KLUET TENGAH,KOTO,TPS 2,2019-10-24 05:00:04,11,185,225,201,201,196,5,https://pemilu2019.kpu.go.id/img/c/900/000/900000446/1-191-2-C-XXX-X5.jpg,https://pemilu2019.kpu.go.id/img/c/900/000/900000446/1-191-2-C-XXX-X6.jpg
12190191900000447,ACEH,ACEH SELATAN,KLUET TENGAH,KOTO,TPS 3,2019-10-24 05:00:04,13,191,242,242,205,204,1,https://pemilu2019.kpu.go.id/img/c/900/000/900000447/1-191-3-C-XXX-X5.jpg,https://pemilu2019.kpu.go.id/img/c/900/000/900000447/1-191-3-C-XXX-X6.jpg
12190191900000448,ACEH,ACEH SELATAN,KLUET TENGAH,KOTO,TPS 4,2019-10-24 05:00:04,7,190,229,203,203,197,6,https://pemilu2019.kpu.go.id/img/c/900/000/900000448/1-191-4-C-XXX-X5.jpg,https://pemilu2019.kpu.go.id/img/c/900/000/900000448/1-191-4-C-XXX-X6.jpg
12190193900000451,ACEH,ACEH SELATAN,KLUET TENGAH,KOTO INDARUNG,TPS 1,2019-10-24 05:00:04,25,146,179,175,175,171,4,https://pemilu2019.kpu.go.id/img/c/900/000/900000451/1-193-1-C-XXX-X5.jpg,https://pemilu2019.kpu.go.id/img/c/900/000/900000451/1-193-1-C-XXX-X6.jpg
12190193900000452,ACEH,ACEH SELATAN,KLUET TENGAH,KOTO INDARUNG,TPS 2,2019-10-24 05:00:04,23,123,147,147,147,146,1,https://pemilu2019.kpu.go.id/img/c/900/000/900000452/1-193-2-C-XXX-X5.jpg,https://pemilu2019.kpu.go.id/img/c/900/000/900000452/1-193-2-C-XXX-X6.jpg
12190194900000453,ACEH,ACEH SELATAN,KLUET TENGAH,LAWE MELANG,TPS 1,2019-10-24 05:00:04,23,242,273,273,273,265,8,https://pemilu2019.kpu.go.id/img/c/900/000/900000453/1-194-1-C1-PPWP-X1.jpg,https://pemilu2019.kpu.go.id/img/c/900/000/900000453/1-194-1-C1-PPWP-X2.jpg
12190195900000454,ACEH,ACEH SELATAN,KLUET TENGAH,MALAKA,TPS 1,2019-10-24 05:00:04,45,172,263,223,223,217,6,https://pemilu2019.kpu.go.id/img/c/900/000/900000454/1-195-1-C1-PPWP-X1.jpg,https://pemilu2019.kpu.go.id/img/c/900/000/900000454/1-195-1-C1-PPWP-X2.jpg
12190195900000455,ACEH,ACEH SELATAN,KLUET TENGAH,MALAKA,TPS 2,2019-10-24 05:00:04,39,187,264,229,230,226,4,https://pemilu2019.kpu.go.id/img/c/900/000/900000455/1-195-2-C1-PPWP-X1.jpg,https://pemilu2019.kpu.go.id/img/c/900/000/900000455/1-195-2-C1-PPWP-X2.jpg
12190199900000460,ACEH,ACEH SELATAN,KLUET TENGAH,MERSAK,TPS 1,2019-10-24 05:00:04,19,123,164,145,145,142,3,https://pemilu2019.kpu.go.id/img/c/900/000/900000460/1-199-1-C1-PPWP-X1.jpg,https://pemilu2019.kpu.go.id/img/c/900/000/900000460/1-199-1-C1-PPWP-X2.jpg
12190199900000461,ACEH,ACEH SELATAN,KLUET TENGAH,MERSAK,TPS 2,2019-10-24 05:00:04,19,109,152,135,135,128,7,https://pemilu2019.kpu.go.id/img/c/900/000/900000461/1-199-2-C-XXX-X5.jpg,https://pemilu2019.kpu.go.id/img/c/900/000/900000461/1-199-2-C-XXX-X6.jpg
12190198900000459,ACEH,ACEH SELATAN,KLUET TENGAH,PULO AIR,TPS 1,2019-10-24 05:00:04,11,94,124,113,113,105,8,https://pemilu2019.kpu.go.id/img/c/900/000/900000459/1-198-1-C-XXX-X5.jpg,https://pemilu2019.kpu.go.id/img/c/900/000/900000459/1-198-1-C-XXX-X6.jpg
1219027900000063,ACEH,ACEH SELATAN,KLUET TENGAH,SIMPANG DUA,TPS 1,2019-10-24 05:00:04,28,202,286,236,236,230,6,https://pemilu2019.kpu.go.id/img/c/900/000/900000063/1-27-1-C1-PPWP-X1.jpg,https://pemilu2019.kpu.go.id/img/c/900/000/900000063/1-27-1-C1-PPWP-X2.jpg
1219027900000064,ACEH,ACEH SELATAN,KLUET TENGAH,SIMPANG DUA,TPS 2,2019-10-24 05:00:04,17,220,285,248,248,237,11,https://pemilu2019.kpu.go.id/img/c/900/000/900000064/1-27-2-C1-PPWP-X1.jpg,https://pemilu2019.kpu.go.id/img/c/900/000/900000064/1-27-2-C1-PPWP-X2.jpg
1219028900000065,ACEH,ACEH SELATAN,KLUET TENGAH,SIMPANG TIGA,TPS 1,2019-10-24 05:00:04,19,213,257,246,246,232,14,https://pemilu2019.kpu.go.id/img/c/900/000/900000065/1-28-1-C-XXX-X5.jpg,https://pemilu2019.kpu.go.id/img/c/900/000/900000065/1-28-1-C-XXX-X6.jpg
1219028900000066,ACEH,ACEH SELATAN,KLUET TENGAH,SIMPANG TIGA,TPS 2,2019-10-24 05:00:04,33,168,252,219,219,201,18,https://pemilu2019.kpu.go.id/img/c/900/000/900000066/1-28-2-C1-PPWP-X1.jpg,https://pemilu2019.kpu.go.id/img/c/900/000/900000066/1-28-2-C1-PPWP-X2.jpg
12190203900000463,ACEH,ACEH SELATAN,KLUET TENGAH,SIURAI URAI,TPS 1,2019-10-24 05:00:04,5,88,98,93,93,93,0,https://pemilu2019.kpu.go.id/img/c/900/000/900000463/1-203-1-C-XXX-X5.jpg,https://pemilu2019.kpu.go.id/img/c/900/000/900000463/1-203-1-C-XXX-X6.jpg
12204207900000471,ACEH,ACEH SELATAN,KLUET TIMUR,ALAI,TPS 1,2019-10-24 05:00:04,28,184,261,216,216,212,4,https://pemilu2019.kpu.go.id/img/c/900/000/900000471/207-1-C-XXX-X5.jpg,https://pemilu2019.kpu.go.id/img/c/900/000/900000471/207-1-C-XXX-X6.jpg
12204207900000472,ACEH,ACEH SELATAN,KLUET TIMUR,ALAI,TPS 2,2019-10-24 05:00:04,24,181,261,207,207,205,2,https://pemilu2019.kpu.go.id/img/c/900/000/900000472/207-2-C1-PPWP-01.jpg,https://pemilu2019.kpu.go.id/img/c/900/000/900000472/207-2-C-XXX-X6.jpg
12204206900000467,ACEH,ACEH SELATAN,KLUET TIMUR,DURIAN KAWAN,TPS 1,2019-10-24 05:00:04,37,210,310,252,252,247,5,https://pemilu2019.kpu.go.id/img/c/900/000/900000467/206-1-C1-PPWP-X1.jpg,https://pemilu2019.kpu.go.id/img/c/900/000/900000467/206-1-C1-PPWP-X2.jpg
12204206900000468,ACEH,ACEH SELATAN,KLUET TIMUR,DURIAN KAWAN,TPS 2,2019-10-24 05:00:04,28,206,302,244,244,234,10,https://pemilu2019.kpu.go.id/img/c/900/000/900000468/206-2-C-XXX-X5.jpg,https://pemilu2019.kpu.go.id/img/c/900/000/900000468/206-2-C-XXX-X6.jpg
12204206900000469,ACEH,ACEH SELATAN,KLUET TIMUR,DURIAN KAWAN,TPS 3,2019-10-24 05:00:04,34,213,303,250,250,247,3,https://pemilu2019.kpu.go.id/img/c/900/000/900000469/206-3-C-XXX-X5.jpg,https://pemilu2019.kpu.go.id/img/c/900/000/900000469/206-3-C-XXX-X6.jpg
12204206900000470,ACEH,ACEH SELATAN,KLUET TIMUR,DURIAN KAWAN,TPS 4,2019-10-24 05:00:04,35,211,308,254,254,246,8,https://pemilu2019.kpu.go.id/img/c/900/000/900000470/206-4-C-XXX-X5.jpg,https://pemilu2019.kpu.go.id/img/c/900/000/900000470/206-4-C-XXX-X6.jpg
12204209900000477,ACEH,ACEH SELATAN,KLUET TIMUR,LAWE BULUH DIDI,TPS 1,2019-10-24 05:00:04,11,190,235,206,206,201,5,https://pemilu2019.kpu.go.id/img/c/900/000/900000477/209-1-C-XXX-X5.jpg,https://pemilu2019.kpu.go.id/img/c/900/000/900000477/209-1-C1-PPWP-02.jpg
12204929291900804603,ACEH,ACEH SELATAN,KLUET TIMUR,LAWE CIMANOK,TPS 1,2019-10-24 05:00:04,19,208,276,232,232,227,5,https://pemilu2019.kpu.go.id/img/c/900/804/900804603/929291-1-C1-PPWP-01.jpg,https://pemilu2019.kpu.go.id/img/c/900/804/900804603/929291-1-C1-PPWP-02.jpg
12204929291900804604,ACEH,ACEH SELATAN,KLUET TIMUR,LAWE CIMANOK,TPS 2,2019-10-24 05:00:04,45,175,281,232,232,220,12,https://pemilu2019.kpu.go.id/img/c/900/804/900804604/929291-2-C-XXX-X5.jpg,https://pemilu2019.kpu.go.id/img/c/900/804/900804604/929291-2-C-XXX-X6.jpg
12204929291900804605,ACEH,ACEH SELATAN,KLUET TIMUR,LAWE CIMANOK,TPS 3,2019-10-24 05:00:04,26,210,298,268,268,236,32,https://pemilu2019.kpu.go.id/img/c/900/804/900804605/929291-3-C1-PPWP-01.jpg,https://pemilu2019.kpu.go.id/img/c/900/804/900804605/929291-3-C1-PPWP-02.jpg
12204929291900804606,ACEH,ACEH SELATAN,KLUET TIMUR,LAWE CIMANOK,TPS 4,2019-10-24 05:00:04,4,91,105,95,95,95,0,https://pemilu2019.kpu.go.id/img/c/900/804/900804606/929291-4-C-XXX-X5.jpg,https://pemilu2019.kpu.go.id/img/c/900/804/900804606/929291-4-C-XXX-X6.jpg
12204210900000478,ACEH,ACEH SELATAN,KLUET TIMUR,LAWE SAWAH,TPS 1,2019-10-24 05:00:04,4,183,241,193,193,187,6,https://pemilu2019.kpu.go.id/img/c/900/000/900000478/2-210-1-C1-PPWP-01.jpg,https://pemilu2019.kpu.go.id/img/c/900/000/900000478/2-210-1-C-XXX-X6.jpg
12204210900000479,ACEH,ACEH SELATAN,KLUET TIMUR,LAWE SAWAH,TPS 2,2019-10-24 05:00:04,45,175,281,232,232,220,12,https://pemilu2019.kpu.go.id/img/c/900/000/900000479/1-210-2-C1-PPWP-X1.jpg,https://pemilu2019.kpu.go.id/img/c/900/000/900000479/1-210-2-C1-PPWP-X2.jpg
12204210900000480,ACEH,ACEH SELATAN,KLUET TIMUR,LAWE SAWAH,TPS 3,2019-10-24 05:00:04,14,157,226,179,179,171,8,https://pemilu2019.kpu.go.id/img/c/900/000/900000480/210-3-C1-PPWP-01.jpg,https://pemilu2019.kpu.go.id/img/c/900/000/900000480/210-3-C-XXX-X6.jpg
12204208900000473,ACEH,ACEH SELATAN,KLUET TIMUR,PAYA DAPUR,TPS 1,2019-10-24 05:00:04,5,236,292,245,245,241,4,https://pemilu2019.kpu.go.id/img/c/900/000/900000473/208-1-C1-PPWP-01.jpg,https://pemilu2019.kpu.go.id/img/c/900/000/900000473/208-1-C1-PPWP-02.jpg
12204208900000474,ACEH,ACEH SELATAN,KLUET TIMUR,PAYA DAPUR,TPS 2,2019-10-24 05:00:04,8,221,298,234,234,229,5,https://pemilu2019.kpu.go.id/img/c/900/000/900000474/208-2-C1-PPWP-01.jpg,https://pemilu2019.kpu.go.id/img/c/900/000/900000474/208-2-C1-PPWP-02.jpg
12204208900000475,ACEH,ACEH SELATAN,KLUET TIMUR,PAYA DAPUR,TPS 3,2019-10-24 05:00:04,13,217,293,242,242,230,12,https://pemilu2019.kpu.go.id/img/c/900/000/900000475/208-3-C1-PPWP-01.jpg,https://pemilu2019.kpu.go.id/img/c/900/000/900000475/208-3-C1-PPWP-X2.jpg
12204208900000476,ACEH,ACEH SELATAN,KLUET TIMUR,PAYA DAPUR,TPS 4,2019-10-24 05:00:04,12,220,297,236,236,232,4,https://pemilu2019.kpu.go.id/img/c/900/000/900000476/208-4-C1-PPWP-01.jpg,https://pemilu2019.kpu.go.id/img/c/900/000/900000476/208-4-C1-PPWP-02.jpg
12204929290900804600,ACEH,ACEH SELATAN,KLUET TIMUR,PAYA LABA,TPS 1,2019-10-24 05:00:04,35,175,304,253,253,210,43,https://pemilu2019.kpu.go.id/img/c/900/804/900804600/929290-1-C-XXX-X5.jpg,https://pemilu2019.kpu.go.id/img/c/900/804/900804600/929290-1-C-XXX-X6.jpg
12204929290900804601,ACEH,ACEH SELATAN,KLUET TIMUR,PAYA LABA,TPS 2,2019-10-24 05:00:04,51,171,282,244,244,222,22,https://pemilu2019.kpu.go.id/img/c/900/804/900804601/929290-2-C1-PPWP-X1.jpg,https://pemilu2019.kpu.go.id/img/c/900/804/900804601/929290-2-C1-PPWP-02.jpg
12204929290900804602,ACEH,ACEH SELATAN,KLUET TIMUR,PAYA LABA,TPS 3,2019-10-24 05:00:04,41,187,278,249,249,228,21,https://pemilu2019.kpu.go.id/img/c/900/804/900804602/929290-3-C1-PPWP-01.jpg,https://pemilu2019.kpu.go.id/img/c/900/804/900804602/929290-3-C1-PPWP-X2.jpg
12204211900000481,ACEH,ACEH SELATAN,KLUET TIMUR,PUCUK LEMBANG,TPS 1,2019-10-24 05:00:04,37,200,269,249,249,237,12,https://pemilu2019.kpu.go.id/img/c/900/000/900000481/211-1-C1-PPWP-X1.jpg,https://pemilu2019.kpu.go.id/img/c/900/000/900000481/211-1-C1-PPWP-X2.jpg
12204211900000482,ACEH,ACEH SELATAN,KLUET TIMUR,PUCUK LEMBANG,TPS 2,2019-10-24 05:00:04,15,184,222,205,205,199,6,https://pemilu2019.kpu.go.id/img/c/900/000/900000482/211-2-C1-PPWP-X1.jpg,https://pemilu2019.kpu.go.id/img/c/900/000/900000482/211-2-C1-PPWP-X2.jpg
12204211900000483,ACEH,ACEH SELATAN,KLUET TIMUR,PUCUK LEMBANG,TPS 3,2019-10-24 05:00:04,26,183,226,218,218,209,9,https://pemilu2019.kpu.go.id/img/c/900/000/900000483/211-3-C-XXX-X5.jpg,https://pemilu2019.kpu.go.id/img/c/900/000/900000483/211-3-C1-PPWP-02.jpg
12204205900000464,ACEH,ACEH SELATAN,KLUET TIMUR,SAPIK,TPS 1,2019-10-24 05:00:04,41,176,290,222,222,218,5,https://pemilu2019.kpu.go.id/img/c/900/000/900000464/205-1-C1-PPWP-X1.jpg,https://pemilu2019.kpu.go.id/img/c/900/000/900000464/205-1-C1-PPWP-X2.jpg
12204205900000465,ACEH,ACEH SELATAN,KLUET TIMUR,SAPIK,TPS 2,2019-10-24 05:00:04,26,193,282,227,227,219,8,https://pemilu2019.kpu.go.id/img/c/900/000/900000465/205-2-C-XXX-X5.jpg,https://pemilu2019.kpu.go.id/img/c/900/000/900000465/205-2-C-XXX-X6.jpg
12204205900000466,ACEH,ACEH SELATAN,KLUET TIMUR,SAPIK,TPS 3,2019-10-24 05:00:04,37,192,286,238,238,229,9,https://pemilu2019.kpu.go.id/img/c/900/000/900000466/205-3-C-XXX-X5.jpg,https://pemilu2019.kpu.go.id/img/c/900/000/900000466/205-3-C-XXX-X6.jpg
12922900000050,ACEH,ACEH SELATAN,KLUET UTARA,ALUR MAS,TPS 1,2019-10-24 05:00:04,82,119,255,216,216,201,15,https://pemilu2019.kpu.go.id/img/c/900/000/900000050/1-22-1-C-XXX-X5.jpg,https://pemilu2019.kpu.go.id/img/c/900/000/900000050/1-22-1-C-XXX-X6.jpg
12922900000051,ACEH,ACEH SELATAN,KLUET UTARA,ALUR MAS,TPS 2,2019-10-24 05:00:04,52,169,260,231,231,221,10,https://pemilu2019.kpu.go.id/img/c/900/000/900000051/1-22-2-C1-PPWP-01.jpg,https://pemilu2019.kpu.go.id/img/c/900/000/900000051/1-22-2-C-XXX-X6.jpg
12922900000052,ACEH,ACEH SELATAN,KLUET UTARA,ALUR MAS,TPS 3,2019-10-24 05:00:04,49,164,263,235,235,213,22,https://pemilu2019.kpu.go.id/img/c/900/000/900000052/1-22-3-C1-PPWP-01.jpg,https://pemilu2019.kpu.go.id/img/c/900/000/900000052/1-22-3-C1-PPWP-02.jpg
12910900000010,ACEH,ACEH SELATAN,KLUET UTARA,FAJAR HARAPAN,TPS 1,2019-10-24 05:00:04,18,188,248,213,213,206,7,https://pemilu2019.kpu.go.id/img/c/900/000/900000010/1-10-1-C1-PPWP-X1.jpg,https://pemilu2019.kpu.go.id/img/c/900/000/900000010/1-10-1-C1-PPWP-X2.jpg
12910900000011,ACEH,ACEH SELATAN,KLUET UTARA,FAJAR HARAPAN,TPS 2,2019-10-24 05:00:04,17,183,238,202,202,200,2,https://pemilu2019.kpu.go.id/img/c/900/000/900000011/2-10-2-C1-PPWP-01.jpg,https://pemilu2019.kpu.go.id/img/c/900/000/900000011/2-10-2-C-XXX-X6.jpg
129929286900804587,ACEH,ACEH SELATAN,KLUET UTARA,GUNUNG PUDUNG,TPS 1,2019-10-24 05:00:04,43,216,301,262,262,259,3,https://pemilu2019.kpu.go.id/img/c/900/804/900804587/2-929286-1-C1-PPWP-01.jpg,https://pemilu2019.kpu.go.id/img/c/900/804/900804587/2-929286-1-C-XXX-X6.jpg
129929286900804588,ACEH,ACEH SELATAN,KLUET UTARA,GUNUNG PUDUNG,TPS 2,2019-10-24 05:00:04,31,213,303,252,252,244,8,https://pemilu2019.kpu.go.id/img/c/900/804/900804588/1-929286-2-C-XXX-X5.jpg,https://pemilu2019.kpu.go.id/img/c/900/804/900804588/1-929286-2-C1-PPWP-02.jpg
12913900000019,ACEH,ACEH SELATAN,KLUET UTARA,GUNUNG PULO,TPS 1,2019-10-24 05:00:04,26,189,290,226,226,215,11,https://pemilu2019.kpu.go.id/img/c/900/000/900000019/1-13-1-C-XXX-X5.jpg,https://pemilu2019.kpu.go.id/img/c/900/000/900000019/1-13-1-C-XXX-X6.jpg
12913900000020,ACEH,ACEH SELATAN,KLUET UTARA,GUNUNG PULO,TPS 2,2019-10-24 05:00:04,24,202,297,235,235,226,9,https://pemilu2019.kpu.go.id/img/c/900/000/900000020/1-13-2-C-XXX-X5.jpg,https://pemilu2019.kpu.go.id/img/c/900/000/900000020/1-13-2-C-XXX-X6.jpg
12915900000024,ACEH,ACEH SELATAN,KLUET UTARA,JAMBO MANYANG,TPS 1,2019-10-24 05:00:04,7,234,309,244,244,241,3,https://pemilu2019.kpu.go.id/img/c/900/000/900000024/1-15-1-C1-PPWP-01.jpg,https://pemilu2019.kpu.go.id/img/c/900/000/900000024/1-15-1-C-XXX-X6.jpg
12915900000025,ACEH,ACEH SELATAN,KLUET UTARA,JAMBO MANYANG,TPS 2,2019-10-24 05:00:04,5,219,266,227,227,224,3,https://pemilu2019.kpu.go.id/img/c/900/000/900000025/1-15-2-C1-PPWP-01.jpg,https://pemilu2019.kpu.go.id/img/c/900/000/900000025/1-15-2-C-XXX-X6.jpg
12915900000026,ACEH,ACEH SELATAN,KLUET UTARA,JAMBO MANYANG,TPS 3,2019-10-24 05:00:04,7,212,273,220,220,219,1,https://pemilu2019.kpu.go.id/img/c/900/000/900000026/1-15-3-C-XXX-X5.jpg,https://pemilu2019.kpu.go.id/img/c/900/000/900000026/1-15-3-C1-PPWP-02.jpg
12915900000027,ACEH,ACEH SELATAN,KLUET UTARA,JAMBO MANYANG,TPS 4,2019-10-24 05:00:04,13,198,275,214,214,211,3,https://pemilu2019.kpu.go.id/img/c/900/000/900000027/1-15-4-C1-PPWP-X1.jpg,https://pemilu2019.kpu.go.id/img/c/900/000/900000027/1-15-4-C1-PPWP-X2.jpg
12919900000038,ACEH,ACEH SELATAN,KLUET UTARA,KAMPUNG PAYA,TPS 1,2019-10-24 05:00:04,18,212,275,244,244,230,14,https://pemilu2019.kpu.go.id/img/c/900/000/900000038/1-19-1-C1-PPWP-01.jpg,https://pemilu2019.kpu.go.id/img/c/900/000/900000038/1-19-1-C1-PPWP-02.jpg
12919900000039,ACEH,ACEH SELATAN,KLUET UTARA,KAMPUNG PAYA,TPS 2,2019-10-24 05:00:04,26,177,259,213,213,203,10,https://pemilu2019.kpu.go.id/img/c/900/000/900000039/1-19-2-C-XXX-X5.jpg,https://pemilu2019.kpu.go.id/img/c/900/000/900000039/1-19-2-C-XXX-X6.jpg
12919900000040,ACEH,ACEH SELATAN,KLUET UTARA,KAMPUNG PAYA,TPS 3,2019-10-24 05:00:04,37,169,269,215,215,206,9,https://pemilu2019.kpu.go.id/img/c/900/000/900000040/1-19-3-C1-PPWP-X1.jpg,https://pemilu2019.kpu.go.id/img/c/900/000/900000040/1-19-3-C1-PPWP-X2.jpg
129931265900809366,ACEH,ACEH SELATAN,KLUET UTARA,KAMPUNG TINGGI,TPS 1,2019-10-24 05:00:04,12,193,243,219,219,205,14,https://pemilu2019.kpu.go.id/img/c/900/809/900809366/1-931265-1-C1-PPWP-01.jpg,https://pemilu2019.kpu.go.id/img/c/900/809/900809366/1-931265-1-C1-PPWP-02.jpg
129931265900809367,ACEH,ACEH SELATAN,KLUET UTARA,KAMPUNG TINGGI,TPS 2,2019-10-24 05:00:04,16,161,247,185,185,177,8,https://pemilu2019.kpu.go.id/img/c/900/809/900809367/1-931265-2-C-XXX-X5.jpg,https://pemilu2019.kpu.go.id/img/c/900/809/900809367/1-931265-2-C-XXX-X6.jpg
12926900000061,ACEH,ACEH SELATAN,KLUET UTARA,KEDAI PADANG,TPS 1,2019-10-24 05:00:04,16,134,201,163,163,150,13,https://pemilu2019.kpu.go.id/img/c/900/000/900000061/1-26-1-C-XXX-X5.jpg,https://pemilu2019.kpu.go.id/img/c/900/000/900000061/1-26-1-C-XXX-X6.jpg
12926900000062,ACEH,ACEH SELATAN,KLUET UTARA,KEDAI PADANG,TPS 2,2019-10-24 05:00:04,40,121,198,178,178,161,17,https://pemilu2019.kpu.go.id/img/c/900/000/900000062/1-26-2-C-XXX-X5.jpg,https://pemilu2019.kpu.go.id/img/c/900/000/900000062/1-26-2-C-XXX-X6.jpg
129929285900804579,ACEH,ACEH SELATAN,KLUET UTARA,KOTAFAJAR,TPS 1,2019-10-24 05:00:04,20,219,312,247,247,239,8,https://pemilu2019.kpu.go.id/img/c/900/804/900804579/2-929285-1-C1-PPWP-01.jpg,https://pemilu2019.kpu.go.id/img/c/900/804/900804579/2-929285-1-C1-PPWP-02.jpg
129929285900804580,ACEH,ACEH SELATAN,KLUET UTARA,KOTAFAJAR,TPS 2,2019-10-24 05:00:04,21,221,313,250,250,242,8,https://pemilu2019.kpu.go.id/img/c/900/804/900804580/2-929285-2-C-XXX-X5.jpg,https://pemilu2019.kpu.go.id/img/c/900/804/900804580/2-929285-2-C-XXX-X6.jpg
129929285900804581,ACEH,ACEH SELATAN,KLUET UTARA,KOTAFAJAR,TPS 3,2019-10-24 05:00:04,15,229,324,246,246,244,2,https://pemilu2019.kpu.go.id/img/c/900/804/900804581/2-929285-3-C1-PPWP-X1.jpg,https://pemilu2019.kpu.go.id/img/c/900/804/900804581/2-929285-3-C1-PPWP-X2.jpg
129929285900804582,ACEH,ACEH SELATAN,KLUET UTARA,KOTAFAJAR,TPS 4,2019-10-24 05:00:04,12,223,302,237,237,235,2,https://pemilu2019.kpu.go.id/img/c/900/804/900804582/1-929285-4-C1-PPWP-X1.jpg,https://pemilu2019.kpu.go.id/img/c/900/804/900804582/1-929285-4-C1-PPWP-X2.jpg
129929285900804583,ACEH,ACEH SELATAN,KLUET UTARA,KOTAFAJAR,TPS 5,2019-10-24 05:00:04,25,206,272,233,233,231,2,https://pemilu2019.kpu.go.id/img/c/900/804/900804583/1-929285-5-C-XXX-X5.jpg,https://pemilu2019.kpu.go.id/img/c/900/804/900804583/1-929285-5-C-XXX-X6.jpg
129929285900804584,ACEH,ACEH SELATAN,KLUET UTARA,KOTAFAJAR,TPS 6,2019-10-24 05:00:04,18,232,291,257,257,250,7,https://pemilu2019.kpu.go.id/img/c/900/804/900804584/1-929285-6-C1-PPWP-X1.jpg,https://pemilu2019.kpu.go.id/img/c/900/804/900804584/1-929285-6-C1-PPWP-X2.jpg
129929285900804585,ACEH,ACEH SELATAN,KLUET UTARA,KOTAFAJAR,TPS 7,2019-10-24 05:00:04,25,221,290,248,248,246,2,https://pemilu2019.kpu.go.id/img/c/900/804/900804585/1-929285-7-C1-PPWP-01.jpg,https://pemilu2019.kpu.go.id/img/c/900/804/900804585/1-929285-7-C1-PPWP-02.jpg
129929285900804586,ACEH,ACEH SELATAN,KLUET UTARA,KOTAFAJAR,TPS 8,2019-10-24 05:00:04,14,163,268,177,177,177,0,https://pemilu2019.kpu.go.id/img/c/900/804/900804586/1-929285-8-C-XXX-X5.jpg,https://pemilu2019.kpu.go.id/img/c/900/804/900804586/1-929285-8-C-XXX-X6.jpg
12911900000012,ACEH,ACEH SELATAN,KLUET UTARA,KRUENG BATEE,TPS 1,2019-10-24 05:00:04,8,184,243,196,196,192,4,https://pemilu2019.kpu.go.id/img/c/900/000/900000012/1-11-1-C-XXX-X5.jpg,https://pemilu2019.kpu.go.id/img/c/900/000/900000012/1-11-1-C-XXX-X6.jpg
12911900000013,ACEH,ACEH SELATAN,KLUET UTARA,KRUENG BATEE,TPS 2,2019-10-24 05:00:04,5,159,216,169,169,164,5,https://pemilu2019.kpu.go.id/img/c/900/000/900000013/1-11-2-C-XXX-X5.jpg,https://pemilu2019.kpu.go.id/img/c/900/000/900000013/1-11-2-C-XXX-X6.jpg
12911900000014,ACEH,ACEH SELATAN,KLUET UTARA,KRUENG BATEE,TPS 3,2019-10-24 05:00:04,7,151,221,163,163,158,5,https://pemilu2019.kpu.go.id/img/c/900/000/900000014/1-11-3-C-XXX-X5.jpg,https://pemilu2019.kpu.go.id/img/c/900/000/900000014/1-11-3-C1-PPWP-02.jpg
12911900000015,ACEH,ACEH SELATAN,KLUET UTARA,KRUENG BATEE,TPS 4,2019-10-24 05:00:04,13,155,231,174,174,168,6,https://pemilu2019.kpu.go.id/img/c/900/000/900000015/1-11-4-C1-PPWP-01.jpg,https://pemilu2019.kpu.go.id/img/c/900/000/900000015/1-11-4-C-XXX-X6.jpg
12911900000016,ACEH,ACEH SELATAN,KLUET UTARA,KRUENG BATEE,TPS 5,2019-10-24 05:00:04,11,173,224,185,185,184,1,https://pemilu2019.kpu.go.id/img/c/900/000/900000016/1-11-5-C1-PPWP-01.jpg,https://pemilu2019.kpu.go.id/img/c/900/000/900000016/1-11-5-C1-PPWP-02.jpg
12920900000041,ACEH,ACEH SELATAN,KLUET UTARA,KRUENG BATU,TPS 1,2019-10-24 05:00:04,29,199,297,297,235,228,7,https://pemilu2019.kpu.go.id/img/c/900/000/900000041/2-20-1-C1-PPWP-01.jpg,https://pemilu2019.kpu.go.id/img/c/900/000/900000041/2-20-1-C-XXX-X6.jpg
12920900000042,ACEH,ACEH SELATAN,KLUET UTARA,KRUENG BATU,TPS 2,2019-10-24 05:00:04,47,202,293,252,252,249,3,https://pemilu2019.kpu.go.id/img/c/900/000/900000042/1-20-2-C1-PPWP-X1.jpg,https://pemilu2019.kpu.go.id/img/c/900/000/900000042/1-20-2-C1-PPWP-02.jpg
12920900000043,ACEH,ACEH SELATAN,KLUET UTARA,KRUENG BATU,TPS 3,2019-10-24 05:00:04,38,170,248,213,213,208,5,https://pemilu2019.kpu.go.id/img/c/900/000/900000043/1-20-3-C-XXX-X5.jpg,https://pemilu2019.kpu.go.id/img/c/900/000/900000043/1-20-3-C-XXX-X6.jpg
12920900000044,ACEH,ACEH SELATAN,KLUET UTARA,KRUENG BATU,TPS 4,2019-10-24 05:00:04,45,182,270,236,236,127,9,https://pemilu2019.kpu.go.id/img/c/900/000/900000044/1-20-4-C-XXX-X5.jpg,https://pemilu2019.kpu.go.id/img/c/900/000/900000044/1-20-4-C-XXX-X6.jpg
12920900000045,ACEH,ACEH SELATAN,KLUET UTARA,KRUENG BATU,TPS 5,2019-10-24 05:00:04,23,186,268,220,220,209,11,https://pemilu2019.kpu.go.id/img/c/900/000/900000045/1-20-5-C-XXX-X5.jpg,https://pemilu2019.kpu.go.id/img/c/900/000/900000045/1-20-5-C-XXX-X6.jpg
12920900000046,ACEH,ACEH SELATAN,KLUET UTARA,KRUENG BATU,TPS 6,2019-10-24 05:00:04,41,159,255,204,204,200,4,https://pemilu2019.kpu.go.id/img/c/900/000/900000046/2-20-6-C-XXX-X5.jpg,https://pemilu2019.kpu.go.id/img/c/900/000/900000046/2-20-6-C-XXX-X6.jpg
12921900000047,ACEH,ACEH SELATAN,KLUET UTARA,KRUENG KLUET,TPS 1,2019-10-24 05:00:04,25,196,281,227,227,221,6,https://pemilu2019.kpu.go.id/img/c/900/000/900000047/21-1-C1-PPWP-01.jpg,https://pemilu2019.kpu.go.id/img/c/900/000/900000047/21-1-C-XXX-X6.jpg
12921900000048,ACEH,ACEH SELATAN,KLUET UTARA,KRUENG KLUET,TPS 2,2019-10-24 05:00:04,20,187,259,213,213,207,6,https://pemilu2019.kpu.go.id/img/c/900/000/900000048/21-2-C-XXX-X5.jpg,https://pemilu2019.kpu.go.id/img/c/900/000/900000048/21-2-C1-PPWP-02.jpg
12921900000049,ACEH,ACEH SELATAN,KLUET UTARA,KRUENG KLUET,TPS 3,2019-10-24 05:00:04,16,209,282,234,234,225,9,https://pemilu2019.kpu.go.id/img/c/900/000/900000049/21-3-C1-PPWP-01.jpg,https://pemilu2019.kpu.go.id/img/c/900/000/900000049/21-3-C-XXX-X6.jpg
12917900000032,ACEH,ACEH SELATAN,KLUET UTARA,LIMAU PURUT,TPS 1,2019-10-24 05:00:04,4,186,271,199,199,190,9,https://pemilu2019.kpu.go.id/img/c/900/000/900000032/17-1-C1-PPWP-01.jpg,https://pemilu2019.kpu.go.id/img/c/900/000/900000032/17-1-C1-PPWP-02.jpg
12917900000033,ACEH,ACEH SELATAN,KLUET UTARA,LIMAU PURUT,TPS 2,2019-10-24 05:00:04,8,195,256,219,219,203,16,https://pemilu2019.kpu.go.id/img/c/900/000/900000033/17-2-C-XXX-X5.jpg,https://pemilu2019.kpu.go.id/img/c/900/000/900000033/17-2-C-XXX-X6.jpg
12917900000034,ACEH,ACEH SELATAN,KLUET UTARA,LIMAU PURUT,TPS 3,2019-10-24 05:00:04,8,196,257,210,210,204,6,https://pemilu2019.kpu.go.id/img/c/900/000/900000034/17-3-C-XXX-X5.jpg,https://pemilu2019.kpu.go.id/img/c/900/000/900000034/17-3-C-XXX-X6.jpg
12912900000017,ACEH,ACEH SELATAN,KLUET UTARA,PASIE KUALA ASAHAN,TPS 1,2019-10-24 05:00:04,17,207,275,233,233,244,9,https://pemilu2019.kpu.go.id/img/c/900/000/900000017/1-12-1-C1-PPWP-01.jpg,https://pemilu2019.kpu.go.id/img/c/900/000/900000017/1-12-1-C-XXX-X6.jpg
12912900000018,ACEH,ACEH SELATAN,KLUET UTARA,PASIE KUALA ASAHAN,TPS 2,2019-10-24 05:00:04,11,168,235,191,191,179,12,https://pemilu2019.kpu.go.id/img/c/900/000/900000018/1-12-2-C1-PPWP-X1.jpg,https://pemilu2019.kpu.go.id/img/c/900/000/900000018/1-12-2-C1-PPWP-02.jpg
12925900000057,ACEH,ACEH SELATAN,KLUET UTARA,PASIE KUALA BA U,TPS 1,2019-10-24 05:00:04,21,150,235,178,178,171,7,https://pemilu2019.kpu.go.id/img/c/900/000/900000057/1-25-1-C-XXX-X5.jpg,https://pemilu2019.kpu.go.id/img/c/900/000/900000057/1-25-1-C1-PPWP-02.jpg
12925900000058,ACEH,ACEH SELATAN,KLUET UTARA,PASIE KUALA BA U,TPS 2,2019-10-24 05:00:04,14,169,221,192,192,183,9,https://pemilu2019.kpu.go.id/img/c/900/000/900000058/1-25-2-C-XXX-X5.jpg,https://pemilu2019.kpu.go.id/img/c/900/000/900000058/1-25-2-C-XXX-X6.jpg
12925900000059,ACEH,ACEH SELATAN,KLUET UTARA,PASIE KUALA BA U,TPS 3,2019-10-24 05:00:04,16,162,219,181,181,178,3,https://pemilu2019.kpu.go.id/img/c/900/000/900000059/1-25-3-C1-PPWP-01.jpg,https://pemilu2019.kpu.go.id/img/c/900/000/900000059/1-25-3-C1-PPWP-02.jpg
12925900000060,ACEH,ACEH SELATAN,KLUET UTARA,PASIE KUALA BA U,TPS 4,2019-10-24 05:00:04,15,179,213,200,200,194,6,https://pemilu2019.kpu.go.id/img/c/900/000/900000060/1-25-4-C-XXX-X5.jpg,https://pemilu2019.kpu.go.id/img/c/900/000/900000060/1-25-4-C-XXX-X6.jpg
12914900000021,ACEH,ACEH SELATAN,KLUET UTARA,PULO IE I,TPS 1,2019-10-24 05:00:04,28,210,310,250,250,238,12,https://pemilu2019.kpu.go.id/img/c/900/000/900000021/1-14-1-C-XXX-X5.jpg,https://pemilu2019.kpu.go.id/img/c/900/000/900000021/1-14-1-C-XXX-X6.jpg
12914900000022,ACEH,ACEH SELATAN,KLUET UTARA,PULO IE I,TPS 2,2019-10-24 05:00:04,20,214,279,245,245,234,11,https://pemilu2019.kpu.go.id/img/c/900/000/900000022/2-14-2-C-XXX-X5.jpg,https://pemilu2019.kpu.go.id/img/c/900/000/900000022/2-14-2-C1-PPWP-02.jpg
12914900000023,ACEH,ACEH SELATAN,KLUET UTARA,PULO IE I,TPS 3,2019-10-24 05:00:04,31,190,277,238,238,221,17,https://pemilu2019.kpu.go.id/img/c/900/000/900000023/1-14-3-C-XXX-X5.jpg,https://pemilu2019.kpu.go.id/img/c/900/000/900000023/1-14-3-C-XXX-X6.jpg
12918900000035,ACEH,ACEH SELATAN,KLUET UTARA,PULO KAMBING,TPS 1,2019-10-24 05:00:04,30,168,253,205,205,198,7,https://pemilu2019.kpu.go.id/img/c/900/000/900000035/18-1-C1-PPWP-X1.jpg,https://pemilu2019.kpu.go.id/img/c/900/000/900000035/18-1-C1-PPWP-X2.jpg
12918900000036,ACEH,ACEH SELATAN,KLUET UTARA,PULO KAMBING,TPS 2,2019-10-24 05:00:04,41,154,251,202,202,195,7,https://pemilu2019.kpu.go.id/img/c/900/000/900000036/18-2-C-XXX-X5.jpg,https://pemilu2019.kpu.go.id/img/c/900/000/900000036/18-2-C-XXX-X6.jpg
12918900000037,ACEH,ACEH SELATAN,KLUET UTARA,PULO KAMBING,TPS 3,2019-10-24 05:00:04,36,144,244,191,191,180,11,https://pemilu2019.kpu.go.id/img/c/900/000/900000037/2-18-3-C1-PPWP-01.jpg,https://pemilu2019.kpu.go.id/img/c/900/000/900000037/2-18-3-C1-PPWP-02.jpg
129931266900809368,ACEH,ACEH SELATAN,KLUET UTARA,RUAK,TPS 1,2019-10-24 05:00:04,25,172,250,205,205,197,8,https://pemilu2019.kpu.go.id/img/c/900/809/900809368/1-931266-1-C-XXX-X5.jpg,https://pemilu2019.kpu.go.id/img/c/900/809/900809368/1-931266-1-C1-PPWP-02.jpg
129931266900809369,ACEH,ACEH SELATAN,KLUET UTARA,RUAK,TPS 2,2019-10-24 05:00:04,32,139,220,182,182,171,11,https://pemilu2019.kpu.go.id/img/c/900/809/900809369/1-931266-2-C1-PPWP-01.jpg,https://pemilu2019.kpu.go.id/img/c/900/809/900809369/1-931266-2-C-XXX-X6.jpg
129931266900809370,ACEH,ACEH SELATAN,KLUET UTARA,RUAK,TPS 3,2019-10-24 05:00:04,15,160,214,180,180,175,5,https://pemilu2019.kpu.go.id/img/c/900/809/900809370/1-931266-3-C1-PPWP-X1.jpg,https://pemilu2019.kpu.go.id/img/c/900/809/900809370/1-931266-3-C1-PPWP-X2.jpg
12916900000028,ACEH,ACEH SELATAN,KLUET UTARA,SIMPANG EMPAT,TPS 1,2019-10-24 05:00:04,19,225,290,250,250,244,6,https://pemilu2019.kpu.go.id/img/c/900/000/900000028/1-16-1-C1-PPWP-01.jpg,https://pemilu2019.kpu.go.id/img/c/900/000/900000028/1-16-1-C1-PPWP-02.jpg
12916900000029,ACEH,ACEH SELATAN,KLUET UTARA,SIMPANG EMPAT,TPS 2,2019-10-24 05:00:04,22,214,295,241,241,236,5,https://pemilu2019.kpu.go.id/img/c/900/000/900000029/1-16-2-C-XXX-X5.jpg,https://pemilu2019.kpu.go.id/img/c/900/000/900000029/1-16-2-C-XXX-X6.jpg
12916900000030,ACEH,ACEH SELATAN,KLUET UTARA,SIMPANG EMPAT,TPS 3,2019-10-24 05:00:04,17,195,283,217,217,212,5,https://pemilu2019.kpu.go.id/img/c/900/000/900000030/1-16-3-C1-PPWP-01.jpg,https://pemilu2019.kpu.go.id/img/c/900/000/900000030/1-16-3-C1-PPWP-02.jpg
12916900000031,ACEH,ACEH SELATAN,KLUET UTARA,SIMPANG EMPAT,TPS 4,2019-10-24 05:00:04,22,220,29,246,246,242,4,https://pemilu2019.kpu.go.id/img/c/900/000/900000031/1-16-4-C1-PPWP-01.jpg,https://pemilu2019.kpu.go.id/img/c/900/000/900000031/1-16-4-C-XXX-X6.jpg
12923900000053,ACEH,ACEH SELATAN,KLUET UTARA,SIMPANG LHEE,TPS 1,2019-10-24 05:00:04,19,207,285,231,231,226,5,https://pemilu2019.kpu.go.id/img/c/900/000/900000053/1-23-1-C1-PPWP-01.jpg,https://pemilu2019.kpu.go.id/img/c/900/000/900000053/1-23-1-C-XXX-X6.jpg
12923900000054,ACEH,ACEH SELATAN,KLUET UTARA,SIMPANG LHEE,TPS 2,2019-10-24 05:00:04,13,121,276,235,235,225,10,https://pemilu2019.kpu.go.id/img/c/900/000/900000054/1-23-2-C1-PPWP-X1.jpg,https://pemilu2019.kpu.go.id/img/c/900/000/900000054/1-23-2-C1-PPWP-02.jpg
12924900000055,ACEH,ACEH SELATAN,KLUET UTARA,SUAQ GERINGGENG,TPS 1,2019-10-24 05:00:04,12,118,156,139,139,130,9,https://pemilu2019.kpu.go.id/img/c/900/000/900000055/24-1-C-XXX-X5.jpg,https://pemilu2019.kpu.go.id/img/c/900/000/900000055/24-1-C-XXX-X6.jpg
12924900000056,ACEH,ACEH SELATAN,KLUET UTARA,SUAQ GERINGGENG,TPS 2,2019-10-24 05:00:04,4,129,159,133,133,133,0,https://pemilu2019.kpu.go.id/img/c/900/000/900000056/24-2-C1-PPWP-01.jpg,https://pemilu2019.kpu.go.id/img/c/900/000/900000056/24-2-C-XXX-X6.jpg
12248258900000592,ACEH,ACEH SELATAN,KOTA BAHAGIA,ALURDUAMAS,TPS 1,2019-10-24 05:00:04,7,187,244,200,200,194,6,https://pemilu2019.kpu.go.id/img/c/900/000/900000592/1-258-1-C1-PPWP-X1.jpg,https://pemilu2019.kpu.go.id/img/c/900/000/900000592/1-258-1-C1-PPWP-X2.jpg
12248258900000593,ACEH,ACEH SELATAN,KOTA BAHAGIA,ALURDUAMAS,TPS 2,2019-10-24 05:00:04,10,174,213,184,184,184,0,https://pemilu2019.kpu.go.id/img/c/900/000/900000593/1-258-2-C1-PPWP-X1.jpg,https://pemilu2019.kpu.go.id/img/c/900/000/900000593/1-258-2-C1-PPWP-X2.jpg
12248258900000594,ACEH,ACEH SELATAN,KOTA BAHAGIA,ALURDUAMAS,TPS 3,2019-10-24 05:00:04,5,165,205,173,173,170,3,https://pemilu2019.kpu.go.id/img/c/900/000/900000594/1-258-3-C1-PPWP-X1.jpg,https://pemilu2019.kpu.go.id/img/c/900/000/900000594/1-258-3-C1-PPWP-X2.jpg
12248256900000588,ACEH,ACEH SELATAN,KOTA BAHAGIA,BEUTONG,TPS 1,2019-10-24 05:00:04,21,165,221,187,187,186,1,https://pemilu2019.kpu.go.id/img/c/900/000/900000588/1-256-1-C1-PPWP-X1.jpg,https://pemilu2019.kpu.go.id/img/c/900/000/900000588/1-256-1-C1-PPWP-X2.jpg
12248249900000574,ACEH,ACEH SELATAN,KOTA BAHAGIA,BUKIT GADENG,TPS 1,2019-10-24 05:00:04,39,193,280,244,244,12,232,https://pemilu2019.kpu.go.id/img/c/900/000/900000574/1-249-1-C1-PPWP-X1.jpg,https://pemilu2019.kpu.go.id/img/c/900/000/900000574/1-249-1-C1-PPWP-X2.jpg
12248249900000575,ACEH,ACEH SELATAN,KOTA BAHAGIA,BUKIT GADENG,TPS 2,2019-10-24 05:00:04,39,196,264,247,247,235,12,https://pemilu2019.kpu.go.id/img/c/900/000/900000575/1-249-2-C1-PPWP-X1.jpg,https://pemilu2019.kpu.go.id/img/c/900/000/900000575/1-249-2-C1-PPWP-X2.jpg
12248249900000576,ACEH,ACEH SELATAN,KOTA BAHAGIA,BUKIT GADENG,TPS 3,2019-10-24 05:00:04,35,214,268,249,249,249,0,https://pemilu2019.kpu.go.id/img/c/900/000/900000576/1-249-3-C1-PPWP-X1.jpg,https://pemilu2019.kpu.go.id/img/c/900/000/900000576/1-249-3-C1-PPWP-X2.jpg
12248249900000577,ACEH,ACEH SELATAN,KOTA BAHAGIA,BUKIT GADENG,TPS 4,2019-10-24 05:00:04,30,205,269,236,236,235,1,https://pemilu2019.kpu.go.id/img/c/900/000/900000577/1-249-4-C1-PPWP-X1.jpg,https://pemilu2019.kpu.go.id/img/c/900/000/900000577/1-249-4-C1-PPWP-X2.jpg
12248257900000589,ACEH,ACEH SELATAN,KOTA BAHAGIA,JAMBO KEUPOK,TPS 1,2019-10-24 05:00:04,36,149,241,200,200,185,15,https://pemilu2019.kpu.go.id/img/c/900/000/900000589/1-257-1-C1-PPWP-X1.jpg,https://pemilu2019.kpu.go.id/img/c/900/000/900000589/1-257-1-C1-PPWP-X2.jpg
12248257900000590,ACEH,ACEH SELATAN,KOTA BAHAGIA,JAMBO KEUPOK,TPS 2,2019-10-24 05:00:04,44,136,234,199,199,180,19,https://pemilu2019.kpu.go.id/img/c/900/000/900000590/1-257-2-C1-PPWP-X1.jpg,https://pemilu2019.kpu.go.id/img/c/900/000/900000590/1-257-2-C1-PPWP-X2.jpg
12248257900000591,ACEH,ACEH SELATAN,KOTA BAHAGIA,JAMBO KEUPOK,TPS 3,2019-10-24 05:00:04,33,162,244,204,204,195,9,https://pemilu2019.kpu.go.id/img/c/900/000/900000591/1-257-3-C1-PPWP-X1.jpg,https://pemilu2019.kpu.go.id/img/c/900/000/900000591/1-257-3-C1-PPWP-X2.jpg
12248250900000578,ACEH,ACEH SELATAN,KOTA BAHAGIA,RAMBONG,TPS 1,2019-10-24 05:00:04,23,150,207,175,175,173,2,https://pemilu2019.kpu.go.id/img/c/900/000/900000578/1-250-1-C1-PPWP-X1.jpg,https://pemilu2019.kpu.go.id/img/c/900/000/900000578/1-250-1-C1-PPWP-X2.jpg
12248250900000579,ACEH,ACEH SELATAN,KOTA BAHAGIA,RAMBONG,TPS 2,2019-10-24 05:00:04,33,143,211,183,183,176,7,https://pemilu2019.kpu.go.id/img/c/900/000/900000579/1-250-2-C1-PPWP-X1.jpg,https://pemilu2019.kpu.go.id/img/c/900/000/900000579/1-250-2-C1-PPWP-X2.jpg
12248252900000582,ACEH,ACEH SELATAN,KOTA BAHAGIA,SEUNEUBOK ALUR BULOH,TPS 1,2019-10-24 05:00:04,9,143,166,153,153,152,1,https://pemilu2019.kpu.go.id/img/c/900/000/900000582/1-252-1-C1-PPWP-X1.jpg,https://pemilu2019.kpu.go.id/img/c/900/000/900000582/1-252-1-C1-PPWP-X2.jpg
12248252900000583,ACEH,ACEH SELATAN,KOTA BAHAGIA,SEUNEUBOK ALUR BULOH,TPS 2,2019-10-24 05:00:04,15,129,155,144,144,144,0,https://pemilu2019.kpu.go.id/img/c/900/000/900000583/1-252-2-C1-PPWP-X1.jpg,https://pemilu2019.kpu.go.id/img/c/900/000/900000583/1-252-2-C1-PPWP-X2.jpg
12248251900000580,ACEH,ACEH SELATAN,KOTA BAHAGIA,SEUNEUBOK KEURANJI,TPS 1,2019-10-24 05:00:04,17,132,172,155,155,149,6,https://pemilu2019.kpu.go.id/img/c/900/000/900000580/1-251-1-C1-PPWP-X1.jpg,https://pemilu2019.kpu.go.id/img/c/900/000/900000580/1-251-1-C1-PPWP-X2.jpg
12248251900000581,ACEH,ACEH SELATAN,KOTA BAHAGIA,SEUNEUBOK KEURANJI,TPS 2,2019-10-24 05:00:04,16,107,149,128,128,123,5,https://pemilu2019.kpu.go.id/img/c/900/000/900000581/1-251-2-C1-PPWP-X1.jpg,https://pemilu2019.kpu.go.id/img/c/900/000/900000581/1-251-2-C1-PPWP-X2.jpg
12248254900000586,ACEH,ACEH SELATAN,KOTA BAHAGIA,UJONG GUNONG CUT,TPS 1,2019-10-24 05:00:04,9,75,84,84,84,84,0,https://pemilu2019.kpu.go.id/img/c/900/000/900000586/1-254-1-C1-PPWP-X1.jpg,https://pemilu2019.kpu.go.id/img/c/900/000/900000586/1-254-1-C1-PPWP-X2.jpg
12248255900000587,ACEH,ACEH SELATAN,KOTA BAHAGIA,UJONG GUNUNG RAYEUK,TPS 1,2019-10-24 05:00:04,23,183,236,211,211,206,5,https://pemilu2019.kpu.go.id/img/c/900/000/900000587/1-255-1-C1-PPWP-X1.jpg,https://pemilu2019.kpu.go.id/img/c/900/000/900000587/1-255-1-C1-PPWP-X2.jpg
12248253900000584,ACEH,ACEH SELATAN,KOTA BAHAGIA,UJONG TANOH,TPS 1,2019-10-24 05:00:04,21,209,292,253,253,230,23,https://pemilu2019.kpu.go.id/img/c/900/000/900000584/1-253-1-C1-PPWP-X1.jpg,https://pemilu2019.kpu.go.id/img/c/900/000/900000584/1-253-1-C1-PPWP-X2.jpg
12248253900000585,ACEH,ACEH SELATAN,KOTA BAHAGIA,UJONG TANOH,TPS 2,2019-10-24 05:00:04,6,221,295,252,252,227,25,https://pemilu2019.kpu.go.id/img/c/900/000/900000585/1-253-2-C1-PPWP-X1.jpg,https://pemilu2019.kpu.go.id/img/c/900/000/900000585/1-253-2-C1-PPWP-X2.jpg
